gage_ID,tau_annualfractionnoflow,tau_annualfractionnoflow_rounded,tau_zeroflowfirst,tau_zeroflowfirst_rounded
1097300,0.049786628733997154,0.15362731152204837,NA,NA
1101000,0.049786628733997154,0.06685633001422475,NA,NA
1109070,0.06116642958748222,0.09672830725462304,-0.03296703296703297,-0.025974025974025976
1110000,-0.05263157894736842,0.04836415362731152,NA,NA
1174500,0.06116642958748222,0.06116642958748222,NA,NA
1195100,0.06306306306306306,0.17267267267267267,NA,0.07272727272727272
1310500,0.0625,0.0625,NA,NA
1311500,-0.6187766714082503,-0.5761024182076814,0.4045584045584046,0.4850574712643678
1378500,-0.13513513513513514,-0.1678520625889047,NA,NA
1379530,-0.534850640113798,-0.5476529160739687,-0.01904761904761905,0.0380952380952381
1382500,-0.20793650793650795,-0.20793650793650795,NA,NA
1388000,-0.13940256045519203,-0.13940256045519203,NA,NA
1395000,-0.19914651493598862,-0.19914651493598862,NA,NA
1398000,0.05547652916073969,0.06543385490753911,NA,NA
1401650,-0.04267425320056899,-0.07396870554765292,-0.2,0.3076923076923077
1403150,-0.05263157894736842,-0.15647226173541964,NA,0.44871794871794873
1403400,-0.049786628733997154,-0.049786628733997154,NA,NA
1403540,-0.04694167852062589,-0.04694167852062589,NA,NA
1405400,0.01849217638691323,0.01849217638691323,NA,NA
1407500,-0.5320056899004267,-0.5305832147937412,0.13450292397660818,0.036231884057971016
1407705,-0.049786628733997154,-0.049786628733997154,NA,NA
1472620,-0.18487394957983194,-0.23025210084033612,NA,NA
1483200,0.05263157894736842,0.09246088193456614,NA,NA
1585200,-0.0022988505747126436,-0.0022988505747126436,NA,NA
1594950,-0.014112903225806451,-0.06854838709677419,NA,0.19696969696969696
1613050,-0.05263157894736842,0.008534850640113799,NA,0.042105263157894736
1643700,-0.07130124777183601,-0.0873440285204991,NA,NA
1653600,-0.20483641536273114,-0.17923186344238975,0.17753623188405798,0.11076923076923077
1654000,0.031294452347083924,-0.021337126600284494,NA,NA
1656000,-0.06825396825396825,-0.173015873015873,NA,NA
1658500,-0.18634423897581792,-0.1934566145092461,NA,0.05
1660400,-0.13513513513513514,-0.2072072072072072,NA,NA
1660920,0.1586452762923351,0.1746880570409982,0.08300395256916997,0.19367588932806323
1661050,-0.11948790896159317,-0.11522048364153627,-0.0761904761904762,0.09166666666666666
1669000,0.012802275960170697,0.03698435277382646,NA,NA
1669520,0.04054054054054054,0.021021021021021023,NA,NA
1673550,0.00995732574679943,0.001422475106685633,NA,NA
1673800,0.00995732574679943,-0.04551920341394026,NA,NA
1674000,0.00995732574679943,0.04551920341394026,NA,NA
2031000,0.00995732574679943,0.00995732574679943,NA,NA
2032250,0.034408602150537634,0.05806451612903226,NA,NA
2041000,0.08677098150782361,0.08392603129445235,NA,NA
2047500,-0.1891891891891892,-0.16816816816816818,0.18614718614718614,0.19202898550724637
2049500,0.03840682788051209,0.09388335704125178,NA,NA
2051000,0.00995732574679943,0.032716927453769556,NA,NA
2053200,0.03556187766714083,0.03556187766714083,NA,NA
2077200,-0.032716927453769556,-0.03698435277382646,-0.09523809523809523,-0.1341991341991342
2077670,-0.10384068278805121,-0.15362731152204837,NA,NA
2079640,0.15630252100840336,0.18319327731092436,NA,NA
208111310,0.14193548387096774,0.060215053763440864,-0.1368421052631579,-0.17753623188405798
2081500,0.10668563300142248,0.1422475106685633,NA,NA
2084160,-0.017825311942959002,-0.0338680926916221,-0.23333333333333334,0.042105263157894736
2084557,0.10668563300142248,-0.08819345661450925,-0.3523809523809524,-0.1422924901185771
208521324,-0.03655913978494624,0.002150537634408602,NA,NA
2085500,0.02418207681365576,0.05263157894736842,NA,NA
2087183,0,0,NA,NA
208732885,0.015126050420168067,0.03529411764705882,NA,NA
2088000,-0.03556187766714083,-0.112375533428165,NA,NA
2088500,0.051209103840682786,0.051209103840682786,NA,NA
2094500,0.02418207681365576,0.02418207681365576,NA,NA
2096846,0.167816091954023,0.2735632183908046,-0.13333333333333333,-0.023715415019762844
2097464,0.2413793103448276,0.296551724137931,NA,-0.25
210166029,-0.009195402298850575,-0.0022988505747126436,NA,NA
2102192,0.06685633001422475,0.16358463726884778,NA,NA
2125000,0.13978494623655913,0.210752688172043,0.08771929824561403,0.009523809523809525
2128000,0.00995732574679943,0.09672830725462304,NA,NA
2133500,0.00995732574679943,0.00995732574679943,NA,NA
2134480,0.10037878787878787,0.08143939393939394,NA,NA
2146470,-0.06628787878787878,-0.056818181818181816,NA,NA
2146600,0,0.032716927453769556,NA,NA
2146700,0.041251778093883355,-0.02418207681365576,NA,NA
2147500,0.10695187165775401,0.16934046345811052,NA,NA
2176500,0.2901849217638691,0.3015647226173542,-0.31521739130434784,-0.3233333333333333
2192500,0.038306451612903226,0.038306451612903226,NA,NA
2193340,0.19959677419354838,0.2701612903225806,NA,NA
2196000,0.047058823529411764,0.047058823529411764,NA,NA
2202600,0.02702702702702703,0.1806543385490754,NA,NA
2212600,0.17780938833570412,0.15647226173541964,NA,NA
2215100,0.038306451612903226,0.038306451612903226,NA,NA
2216180,0.10952380952380952,0.08888888888888889,0.0106951871657754,-0.008912655971479501
2227500,-0.01849217638691323,-0.00995732574679943,NA,NA
2228500,0.03153153153153153,0.14564564564564564,-0.5955882352941176,-0.20952380952380953
2231342,-0.02275960170697013,0.017069701280227598,-0.11553030303030302,-0.13277310924369748
2231600,-0.08961593172119488,-0.06685633001422475,-0.16,-0.19076923076923077
2232000,-0.08108108108108109,-0.05689900426742532,NA,NA
2232200,-0.16642958748221906,-0.23044096728307253,0.007905138339920948,-0.10582010582010581
2236000,-0.09815078236130868,-0.08392603129445235,NA,NA
2236500,0.04694167852062589,0.05405405405405406,-0.11688311688311688,-0.16923076923076924
2236900,0.15220483641536273,0.14935988620199148,-0.31666666666666665,-0.32666666666666666
2237293,0.08534850640113797,0.09388335704125178,-0.14814814814814814,-0.17094017094017094
2238000,0.19696969696969696,0.2518939393939394,NA,NA
2243960,-0.01849217638691323,-0.01849217638691323,NA,NA
2247510,-0.049786628733997154,-0.049786628733997154,NA,NA
2256500,-0.06258890469416785,-0.07112375533428165,-0.11333333333333333,-0.1476923076923077
2262900,-0.07965860597439545,-0.07965860597439545,NA,NA
2263800,-0.09246088193456614,-0.09388335704125178,NA,NA
2263869,0.1361344537815126,0.08739495798319327,-0.1586452762923351,-0.17983193277310924
2264000,-0.06006006006006006,-0.04804804804804805,-0.03985507246376811,0.014245014245014245
2264100,-0.24751066856330015,-0.24751066856330015,0.01098901098901099,0.01098901098901099
2266200,-0.2958748221906117,-0.2332859174964438,0.07333333333333333,0.08831908831908832
2266205,0.6350806451612904,0.6088709677419355,-0.41304347826086957,-0.4676923076923077
2266300,0.01849217638691323,0.01849217638691323,NA,NA
2266500,-0.0761904761904762,-0.0761904761904762,-0.05454545454545454,-0.12727272727272726
2267000,-0.04233870967741935,-0.04233870967741935,NA,NA
2270500,-0.04267425320056899,-0.04267425320056899,NA,NA
2277600,0.05263157894736842,0.05263157894736842,NA,NA
2291580,-0.4778225806451613,-0.4657258064516129,0.2561576354679803,0.1724137931034483
2292900,0.2958748221906117,0.2958748221906117,-0.11,-0.11
2294491,0.058823529411764705,0.1546218487394958,-0.17471264367816092,-0.20454545454545456
2294650,0.04551920341394026,0.04267425320056899,NA,NA
2297155,-0.012802275960170697,-0.001422475106685633,-0.4327485380116959,-0.45714285714285713
2297310,0.05689900426742532,0.05689900426742532,NA,NA
2298202,0.17943548387096775,0.19153225806451613,-0.2087912087912088,-0.2
2298608,-0.03840682788051209,-0.03982930298719772,NA,NA
2298760,0.09247311827956989,0.16559139784946236,-0.0784313725490196,-0.1523809523809524
2298830,0.06401137980085349,0.10526315789473684,NA,NA
2300100,0.09246088193456614,0.06401137980085349,-0.030303030303030304,-0.08791208791208792
2300700,0.031294452347083924,0.04836415362731152,NA,NA
2301300,0.03982930298719772,0.03982930298719772,NA,NA
2301750,0.12477718360071301,0.09982174688057041,-0.05228758169934641,0.16996047430830039
2301900,-0.08534850640113797,-0.08108108108108109,NA,NA
2302500,0.011379800853485065,0.08392603129445235,-0.2909090909090909,-0.15384615384615385
2303350,-0.012802275960170697,-0.07681365576102418,-0.11711711711711711,-0.10510510510510511
2303400,0.032716927453769556,0.04267425320056899,-0.08901515151515152,-0.09090909090909091
2303420,-0.06543385490753911,-0.05689900426742532,-0.04032258064516129,0.005681818181818182
2303800,-0.07254623044096728,-0.025604551920341393,-0.10984848484848485,-0.1532976827094474
2304500,0.4182076813655761,0.42105263157894735,-0.2807017543859649,-0.2015810276679842
2306500,0.11806543385490754,0.2603129445234708,0.18181818181818182,0.23157894736842105
2306647,0.09848484848484848,0.0946969696969697,NA,NA
2306774,-0.14583333333333334,-0.10227272727272728,NA,NA
2307000,0.11948790896159317,0.1251778093883357,NA,NA
2307359,0.09672830725462304,0.005689900426742532,-0.15294117647058825,-0.0960960960960961
2309848,-0.30725462304409673,-0.2631578947368421,-0.01991465149359886,-0.03698435277382646
2310947,0.032716927453769556,0.03556187766714083,-0.16,-0.22413793103448276
2311500,0.11428571428571428,0.12100840336134454,-0.15833333333333333,-0.16666666666666666
2312200,0.24324324324324326,0.26458036984352773,-0.05714285714285714,-0.12857142857142856
2312500,0.13086770981507823,0.13229018492176386,NA,NA
2312600,0.13445378151260504,0.13445378151260504,NA,NA
2312720,0.02702702702702703,0.02702702702702703,NA,NA
2313230,0.31436699857752487,0.31436699857752487,NA,NA
2314500,0.03556187766714083,0.03556187766714083,NA,NA
2318700,0.1934566145092461,0.16500711237553342,-0.20766129032258066,-0.18181818181818182
2321500,0.24182076813655762,0.24182076813655762,NA,NA
2326000,0.02418207681365576,0.02418207681365576,NA,NA
2338660,0.049786628733997154,0.049786628733997154,NA,NA
2357000,0.10158730158730159,0.12857142857142856,NA,NA
2399200,0.049786628733997154,0.049786628733997154,NA,NA
2423130,0.10574712643678161,0.16091954022988506,0.030303030303030304,-0.20952380952380953
2462500,0.4857142857142857,0.5210084033613446,-0.23666666666666666,-0.27666666666666667
2462951,0.47058823529411764,0.5210084033613446,-0.3333333333333333,-0.3251231527093596
3052500,-0.044096728307254626,-0.044096728307254626,NA,NA
3159540,0.02418207681365576,0.02418207681365576,NA,NA
3206600,-0.001422475106685633,-0.10526315789473684,NA,NA
3217000,0.02702702702702703,-0.015647226173541962,NA,NA
3228300,-0.14942528735632185,-0.14942528735632185,0.06593406593406594,-0.1523809523809524
3237280,-0.041251778093883355,-0.04551920341394026,0.23529411764705882,0.10344827586206896
3238500,-0.19556451612903225,-0.20161290322580644,-0.22875816993464052,-0.24183006535947713
3274650,0.001422475106685633,0.001422475106685633,NA,NA
3281500,0.02702702702702703,0.02702702702702703,NA,NA
3282500,0.08888888888888889,0.08571428571428572,NA,NA
3285000,-0.06685633001422475,-0.06685633001422475,NA,NA
3291780,-0.001422475106685633,-0.044096728307254626,0.24242424242424243,-0.023809523809523808
3293000,0.032716927453769556,0.032716927453769556,NA,NA
3294000,0.001422475106685633,0.001422475106685633,NA,NA
3295890,-0.05555555555555555,-0.13663663663663664,NA,0.09090909090909091
3298000,-0.18207681365576103,-0.20768136557610242,NA,NA
3300400,-0.07112375533428165,-0.02702702702702703,NA,NA
3302680,0.1379800853485064,-0.00995732574679943,NA,-0.2
3303300,-0.11095305832147938,-0.06827880512091039,0.1830065359477124,0.06842105263157895
3313700,0.04804804804804805,0.04804804804804805,NA,NA
3320500,-0.19772403982930298,-0.13940256045519203,0.25757575757575757,0.21978021978021978
3343400,0.007112375533428165,0.012802275960170697,NA,NA
3346000,-0.029871977240398292,-0.007112375533428165,NA,NA
3351310,-0.021337126600284494,-0.021337126600284494,NA,NA
3353120,0.11379800853485064,0.17780938833570412,NA,NA
3353200,-0.12091038406827881,-0.1465149359886202,NA,NA
3357350,0.05689900426742532,0.001422475106685633,0.16600790513833993,0.05161290322580645
3364500,0.08961593172119488,0.04551920341394026,-0.08974358974358974,-0.12380952380952381
3368000,0.05405405405405406,0.09103840682788052,-0.05172413793103448,-0.11612903225806452
3378000,0.00995732574679943,0.04267425320056899,0.025362318840579712,-0.05846153846153846
3378550,-0.14366998577524892,-0.1678520625889047,NA,0.15441176470588236
3378635,-0.31436699857752487,-0.2930298719772404,0.18115942028985507,0.13333333333333333
3380500,-0.10099573257467995,-0.1337126600284495,-0.09523809523809523,0.007352941176470588
3383000,-0.07823613086770982,-0.051209103840682786,NA,NA
3384450,-0.007112375533428165,-0.11379800853485064,-0.1323529411764706,0.03985507246376811
3612000,-0.08677098150782361,-0.08677098150782361,NA,NA
4015330,0.029871977240398292,0.029871977240398292,NA,NA
4072150,-0.26354679802955666,-0.24876847290640394,0.4696969696969697,0.26666666666666666
4087240,-0.012802275960170697,-0.012802275960170697,NA,NA
4093000,-0.02418207681365576,-0.029871977240398292,NA,NA
4185440,0.02217741935483871,0.04032258064516129,0.02564102564102564,-0.1038961038961039
4199155,-0.18064516129032257,-0.15483870967741936,0.24242424242424243,0.16883116883116883
4229500,0.007112375533428165,0.044096728307254626,NA,NA
5050000,-0.2546230440967283,-0.2844950213371266,0.03296703296703297,0.13333333333333333
5053000,-0.39971550497866287,-0.37980085348506404,-0.30303030303030304,0.32967032967032966
5054500,-0.12091038406827881,-0.08392603129445235,0.48717948717948717,0.07692307692307693
5057000,-0.05547652916073969,-0.05547652916073969,NA,NA
5057200,-0.11095305832147938,-0.20768136557610242,NA,NA
5060500,-0.3200568990042674,-0.2802275960170697,0.35384615384615387,0.38746438746438744
5061500,-0.27311522048364156,-0.27311522048364156,NA,NA
5066500,-0.10099573257467995,-0.14509246088193456,NA,NA
5076000,-0.18776671408250356,-0.21763869132290184,0.30303030303030304,0.18681318681318682
5078230,-0.02418207681365576,-0.02702702702702703,NA,NA
5085000,-0.1166429587482219,-0.16073968705547653,NA,NA
5090000,-0.26458036984352773,-0.2702702702702703,0.20512820512820512,0.44166666666666665
5104500,-0.06116642958748222,-0.14509246088193456,NA,NA
5116500,-0.14366998577524892,-0.1465149359886202,0.12121212121212122,0.23076923076923078
5120500,-0.1507823613086771,-0.12802275960170698,0.12121212121212122,-0.08571428571428572
5123400,-0.2603129445234708,-0.24893314366998578,0.2803030303030303,0.2803030303030303
5127000,-0.1337126600284495,-0.1337126600284495,0.15151515151515152,0.15151515151515152
5293000,0,-0.03003003003003003,NA,NA
5294000,-0.030252100840336135,-0.030252100840336135,NA,NA
5300000,-0.12612612612612611,-0.16366366366366367,NA,NA
5439000,0.10810810810810811,0.26458036984352773,NA,0.12380952380952381
5448000,-0.05263157894736842,-0.05263157894736842,NA,NA
5451900,-0.02702702702702703,-0.010510510510510511,NA,NA
5454000,-0.06543385490753911,-0.051209103840682786,NA,0.2545454545454545
5476000,-0.02418207681365576,-0.02418207681365576,NA,NA
5484800,-0.001422475106685633,-0.01849217638691323,NA,NA
5486000,0.004267425320056899,0.004267425320056899,NA,NA
5488200,-0.11931818181818182,-0.21022727272727273,NA,NA
5489000,-0.02702702702702703,-0.00995732574679943,NA,NA
5495500,-0.029871977240398292,-0.01991465149359886,NA,NA
5502000,0.07539118065433854,0.08392603129445235,NA,NA
5502500,-0.10685483870967742,-0.10685483870967742,NA,NA
5503800,-0.14366998577524892,-0.08534850640113797,0.19913419913419914,0.2535612535612536
5507600,-0.059743954480796585,-0.001422475106685633,0.07246376811594203,0.09401709401709402
5508805,0.06401137980085349,0.11948790896159317,NA,NA
5512500,-0.06116642958748222,-0.025604551920341393,NA,NA
5527800,0.04694167852062589,0.08677098150782361,NA,NA
5528500,-0.029871977240398292,-0.049786628733997154,NA,NA
5529500,-0.20483641536273114,-0.22901849217638692,NA,0.02564102564102564
5530990,-0.032716927453769556,-0.032716927453769556,NA,NA
5533400,-0.041666666666666664,0.0625,0.12380952380952381,0.1830065359477124
5534500,0.06970128022759602,0.059743954480796585,NA,NA
5535000,0.08677098150782361,0.10526315789473684,NA,NA
5535070,-0.007112375533428165,0.049786628733997154,NA,0.21818181818181817
5536235,-0.044096728307254626,-0.06970128022759602,NA,NA
5536255,-0.3911806543385491,-0.33001422475106684,0.02197802197802198,0.34558823529411764
5536500,-0.20056899004267426,-0.17069701280227595,NA,NA
5540060,0.015151515151515152,-0.032196969696969696,NA,NA
5540195,0.2735632183908046,0.26666666666666666,0.09047619047619047,0.021538461538461538
5540275,0.004301075268817204,0.021505376344086023,NA,NA
5542000,0.026984126984126985,-0.0031746031746031746,NA,NA
5554500,-0.21906116642958748,-0.21906116642958748,NA,NA
5568800,-0.029871977240398292,-0.029871977240398292,NA,NA
5570910,-0.03982930298719772,-0.03698435277382646,NA,NA
5572000,0.00995732574679943,0.00995732574679943,NA,NA
5573540,-0.15714285714285714,-0.15555555555555556,NA,NA
5576000,-0.15915915915915915,-0.15615615615615616,NA,NA
5577500,-0.07965860597439545,-0.044096728307254626,0.04329004329004329,-0.04843304843304843
5580000,-0.029871977240398292,-0.029871977240398292,NA,NA
5587900,-0.08392603129445235,-0.06543385490753911,NA,NA
5588000,-0.33712660028449504,-0.25604551920341395,0.05,0.12280701754385964
5590800,-0.33712660028449504,-0.310099573257468,0.10476190476190476,0.175
5591550,0.17069701280227595,0.16073968705547653,0.16304347826086957,-0.027692307692307693
5591700,0.06258890469416785,0.059743954480796585,-0.20652173913043478,-0.2028985507246377
5592000,-0.041251778093883355,-0.041251778093883355,NA,NA
5592050,-0.23470839260312945,-0.14509246088193456,NA,0.25833333333333336
5592575,-0.24367816091954023,-0.18850574712643678,0.04666666666666667,0.12535612535612536
5592800,-0.01849217638691323,-0.02418207681365576,NA,NA
5592900,-0.10668563300142248,-0.06401137980085349,0.028985507246376812,0.027692307692307693
5593575,-0.1763869132290185,-0.22901849217638692,0.2967032967032967,0.1619047619047619
5593900,-0.06685633001422475,-0.03556187766714083,0.025,0.02631578947368421
5594000,-0.029871977240398292,-0.029871977240398292,NA,NA
5594450,0.03982930298719772,0.12091038406827881,NA,NA
5594800,-0.015647226173541962,-0.015647226173541962,NA,NA
5595730,-0.14082503556187767,-0.17354196301564723,0.2751322751322751,0.25806451612903225
5597500,-0.27880512091038406,-0.2503556187766714,0.24615384615384617,0.36088709677419356
6062500,0.0015873015873015873,0.007936507936507936,NA,NA
6108000,-0.025604551920341393,-0.025604551920341393,NA,NA
6120500,-0.029871977240398292,-0.02418207681365576,NA,NA
6126500,0.00995732574679943,0.00995732574679943,NA,NA
6130500,0.021337126600284494,0.011379800853485065,NA,-0.25757575757575757
6154400,-0.3485064011379801,-0.31152204836415365,0.11576354679802955,0.1431451612903226
6177500,-0.2531194295900178,-0.22459893048128343,0.09523809523809523,0.1908831908831909
6281000,-0.01849217638691323,-0.01991465149359886,NA,NA
6295113,0.0945945945945946,0.06156156156156156,NA,NA
6317000,0.017069701280227598,0.017069701280227598,NA,NA
6324500,0.021337126600284494,0.021337126600284494,NA,NA
6324970,-0.25889046941678523,-0.30725462304409673,-0.1282051282051282,0.07602339181286549
6326500,-0.00995732574679943,-0.00995732574679943,NA,NA
6332515,-0.31152204836415365,-0.2603129445234708,-0.26373626373626374,-0.12681159420289856
6334500,-0.13655761024182078,-0.13655761024182078,NA,NA
6335500,-0.2119487908961593,-0.25177809388335703,NA,NA
6337000,-0.2844950213371266,-0.2844950213371266,-0.18181818181818182,-0.23636363636363636
6339100,-0.08677098150782361,-0.2773826458036984,NA,0.0196078431372549
6339500,-0.03840682788051209,-0.01991465149359886,NA,NA
6340000,-0.02418207681365576,-0.02418207681365576,NA,NA
6342260,0.05263157894736842,0.05263157894736842,NA,NA
6344600,-0.07539118065433854,-0.07396870554765292,0.03676470588235294,0.014285714285714285
6345500,-0.021337126600284494,-0.044096728307254626,NA,NA
6345780,-0.054187192118226604,-0.12561576354679804,NA,NA
6350000,-0.049786628733997154,-0.049786628733997154,NA,NA
6352000,-0.052552552552552555,-0.04504504504504504,NA,NA
6353000,-0.07057057057057058,-0.1111111111111111,-0.3047619047619048,0.058823529411764705
6354000,-0.06456456456456457,-0.05105105105105105,NA,NA
6354882,-0.21401515151515152,-0.21212121212121213,-0.0036231884057971015,-0.10153846153846154
6355500,-0.03698435277382646,-0.03840682788051209,0.09047619047619047,0.06190476190476191
6356500,-0.10810810810810811,-0.08677098150782361,NA,NA
6357800,-0.1721194879089616,-0.1721194879089616,NA,NA
6359500,-0.14082503556187767,-0.10241820768136557,-0.31868131868131866,-0.18095238095238095
6360500,-0.3138138138138138,-0.3003003003003003,0.21428571428571427,0.15584415584415584
6395000,-0.14509246088193456,-0.14793741109530584,NA,NA
6400000,-0.10668563300142248,-0.12233285917496443,0.22298850574712645,0.21935483870967742
6400875,-0.2235294117647059,-0.02857142857142857,-0.054924242424242424,-0.08571428571428572
6402500,-0.05263157894736842,-0.05263157894736842,NA,NA
6404000,-0.17496443812233287,-0.14082503556187767,-0.13970588235294118,-0.19607843137254902
6404998,-0.03003003003003003,-0.06756756756756757,NA,NA
6406000,-0.02702702702702703,-0.02702702702702703,NA,NA
6406500,-0.15862068965517243,-0.15172413793103448,NA,NA
6407500,-0.02217741935483871,-0.04838709677419355,NA,NA
6412500,-0.04694167852062589,-0.09388335704125178,NA,NA
6423010,-0.1425287356321839,-0.14022988505747128,0.022792022792022793,0.022792022792022793
6425100,-0.15765765765765766,-0.15465465465465467,0.08225108225108226,0.09090909090909091
6425500,-0.13655761024182078,-0.13940256045519203,-0.037037037037037035,-0.045584045584045586
6426500,-0.2739495798319328,-0.3226890756302521,-0.09090909090909091,-0.02564102564102564
6430800,-0.09885057471264368,-0.23218390804597702,NA,-0.2878787878787879
6433000,-0.09815078236130868,-0.09815078236130868,NA,NA
6436000,-0.049786628733997154,-0.049786628733997154,NA,NA
6436198,0.16825396825396827,0.20952380952380953,NA,NA
6437020,-0.05747126436781609,-0.05747126436781609,NA,NA
6438000,-0.07254623044096728,-0.07254623044096728,NA,NA
6440200,-0.006896551724137931,-0.041379310344827586,0.06267806267806268,0.06666666666666667
6441500,-0.25889046941678523,-0.21621621621621623,0.11333333333333333,0.17989417989417988
6445685,0.017204301075268817,0.021505376344086023,NA,NA
6446000,-0.04836415362731152,-0.044096728307254626,-0.23076923076923078,-0.3076923076923077
6447000,-0.17780938833570412,-0.1721194879089616,-0.2833333333333333,-0.2833333333333333
6449000,-0.07823613086770982,-0.14509246088193456,0.05454545454545454,0.07692307692307693
6452000,-0.059743954480796585,-0.08534850640113797,NA,NA
6453600,-0.029871977240398292,-0.029871977240398292,NA,NA
6468170,-0.28591749644381226,-0.2503556187766714,0.34285714285714286,0.24675324675324675
6468250,-0.22348484848484848,-0.19507575757575757,0.15384615384615385,0.13333333333333333
6469400,-0.2702702702702703,-0.2019914651493599,0.14166666666666666,0.3157894736842105
6470000,-0.09672830725462304,-0.12091038406827881,NA,NA
6470500,-0.07396870554765292,-0.07396870554765292,NA,NA
6470800,-0.5533428165007113,-0.5263157894736842,0.5263157894736842,0.5036231884057971
6470878,-0.26126126126126126,-0.24324324324324326,NA,NA
6471000,-0.24324324324324326,-0.23897581792318634,0.1368421052631579,0.15789473684210525
6471200,-0.31981981981981983,-0.32432432432432434,0.2676923076923077,0.2619047619047619
6471500,-0.031294452347083924,-0.06543385490753911,NA,NA
6473000,-0.24751066856330015,-0.2716927453769559,NA,NA
6475000,-0.26411290322580644,-0.26814516129032256,NA,NA
6476000,-0.31721194879089615,-0.31721194879089615,NA,NA
6477000,-0.1593172119487909,-0.1593172119487909,NA,NA
6477500,-0.08250355618776671,-0.16927453769559034,0.08823529411764706,0.16
6478690,-0.24466571834992887,-0.2546230440967283,NA,NA
6479215,-0.06417112299465241,-0.0570409982174688,NA,-0.01904761904761905
6479438,-0.30725462304409673,-0.17069701280227595,NA,0.18181818181818182
6479525,-0.13513513513513514,-0.13513513513513514,NA,NA
6480000,-0.049786628733997154,-0.049786628733997154,NA,NA
6481500,-0.05105105105105105,-0.05105105105105105,NA,NA
6605000,-0.02702702702702703,-0.02702702702702703,NA,NA
6647500,0.06756756756756757,0.11261261261261261,NA,0.175
6657000,-0.1507823613086771,-0.1507823613086771,NA,NA
6709530,-0.1586452762923351,-0.12834224598930483,0.07894736842105263,0.15714285714285714
6752260,-0.06116642958748222,-0.06116642958748222,NA,NA
6784000,-0.05263157894736842,-0.05263157894736842,NA,NA
6793000,-0.10099573257467995,-0.10099573257467995,NA,NA
6814000,-0.007112375533428165,0.032716927453769556,NA,NA
6819185,0.07226890756302522,0.10420168067226891,NA,NA
6821500,0.615931721194879,0.631578947368421,-0.21666666666666667,-0.3630769230769231
6823500,0.4694167852062589,0.37268847795163584,-0.10685483870967742,-0.11764705882352941
6827500,0.38264580369843526,0.3812233285917496,-0.3503787878787879,-0.3484848484848485
6828500,0.10953058321479374,0.1721194879089616,0.11693548387096774,0.07459677419354839
6835500,0.06970128022759602,0.06970128022759602,NA,NA
6836500,0.02418207681365576,0.044096728307254626,NA,NA
6837000,0.09957325746799431,0.12944523470839261,NA,NA
6838000,0.18776671408250356,0.1721194879089616,NA,NA
6843500,0.04551920341394026,0.12375533428165007,NA,NA
6844500,0.08677098150782361,0.09815078236130868,NA,NA
6844900,0.07126436781609195,0.10804597701149425,-0.26666666666666666,-0.20935960591133004
6846500,0.41963015647226176,0.39544807965860596,-0.07396870554765292,-0.08108108108108109
6847500,-0.12375533428165007,-0.1337126600284495,0.04,-0.008547008547008548
6847900,-0.2332859174964438,-0.20768136557610242,0.37666666666666665,0.3476923076923077
6848500,-0.16927453769559034,-0.17496443812233287,0.11083743842364532,0.16091954022988506
6853800,0.03840682788051209,0.06970128022759602,NA,NA
6860000,-0.18207681365576103,-0.06685633001422475,0.05057471264367816,-0.03598484848484849
6861000,-0.3029871977240398,-0.16642958748221906,-0.24761904761904763,0.26153846153846155
6862700,0.24182076813655762,0.22475106685633,-0.26666666666666666,-0.3333333333333333
6862850,0.028528528528528527,0.046546546546546545,-0.18803418803418803,-0.09885057471264368
6863500,0.3186344238975818,0.32432432432432434,-0.5818181818181818,-0.7090909090909091
6866900,-0.06456456456456457,-0.18018018018018017,-0.23809523809523808,-0.036231884057971016
6871000,-0.21052631578947367,-0.2119487908961593,-0.07608695652173914,-0.06
6871500,-0.06116642958748222,-0.017069701280227598,NA,0.23636363636363636
6873000,-0.029871977240398292,-0.10810810810810811,-0.3619047619047619,-0.22826086956521738
6873460,-0.001422475106685633,0.06258890469416785,NA,NA
6874000,0.007112375533428165,-0.007112375533428165,NA,NA
6879650,0.283072546230441,0.2887624466571835,-0.14864864864864866,-0.15915915915915915
6884200,-0.06401137980085349,-0.09815078236130868,NA,NA
6888500,-0.05263157894736842,-0.05263157894736842,NA,NA
6889200,0.02844950213371266,0.02275960170697013,NA,NA
6890100,0.01849217638691323,-0.02844950213371266,NA,NA
6890900,-0.17717717717717718,-0.14414414414414414,NA,NA
6893080,-0.18349928876244664,-0.22901849217638692,0.15,-0.0392156862745098
6903400,-0.06401137980085349,0.10384068278805121,NA,0.02564102564102564
6903700,-0.02702702702702703,0.09815078236130868,NA,NA
6903900,-0.08108108108108109,-0.08108108108108109,NA,NA
6906200,-0.14793741109530584,-0.14793741109530584,NA,NA
6908000,-0.05263157894736842,-0.05263157894736842,NA,NA
6910800,0.049786628733997154,0.07396870554765292,0.11538461538461539,0.2571428571428571
6911900,-0.17923186344238975,-0.15362731152204837,0.13043478260869565,0.13405797101449277
6912500,-0.00995732574679943,-0.008534850640113799,NA,NA
6915000,-0.04836415362731152,-0.06685633001422475,NA,NA
6917000,-0.004267425320056899,-0.05832147937411095,NA,-0.07692307692307693
6919500,-0.00995732574679943,0.03698435277382646,NA,NA
6921200,-0.13513513513513514,-0.18492176386913228,0.038461538461538464,0.14705882352941177
7015720,-0.10099573257467995,-0.05263157894736842,NA,NA
7032200,-0.25375375375375375,-0.527027027027027,NA,0.1
7039500,-0.05443548387096774,-0.05443548387096774,NA,NA
7047942,0.032716927453769556,0.06685633001422475,NA,NA
7048600,0.08095238095238096,0.08412698412698413,NA,NA
7075300,-0.11742424242424243,-0.13446969696969696,0.2,0.25
7077380,0.4139402560455192,0.4139402560455192,-0.29004329004329005,-0.2987012987012987
7103800,-0.07681365576102418,-0.21337126600284495,NA,NA
7105900,-0.02418207681365576,0.015647226173541962,NA,NA
7105945,0.18492176386913228,0.15220483641536273,NA,-0.1523809523809524
7106300,-0.08961593172119488,-0.08961593172119488,NA,NA
7116500,0.036036036036036036,0.046546546546546545,0.12096774193548387,0.1935483870967742
7124410,0.3285917496443812,0.23044096728307253,-0.2015810276679842,-0.06050420168067227
7126300,0.15647226173541964,0.15789473684210525,NA,NA
7140850,0.012012012012012012,0.006006006006006006,-0.08412698412698413,-0.08412698412698413
7141200,0.2147937411095306,0.2233285917496444,-0.19523809523809524,-0.19523809523809524
7141780,-0.2332859174964438,-0.22759601706970128,0.2318840579710145,0.18478260869565216
7141900,-0.2019914651493599,-0.1934566145092461,0.045584045584045586,0.037037037037037035
7142300,0.29160739687055476,0.29445234708392604,-0.15833333333333333,-0.1503267973856209
7142575,-0.01991465149359886,0.01422475106685633,NA,NA
7143665,0.05689900426742532,0.05689900426742532,NA,NA
7144780,0.03840682788051209,0.03840682788051209,NA,NA
7144795,0.09682539682539683,0.23333333333333334,NA,-0.1523809523809524
7145700,-0.05263157894736842,-0.16358463726884778,NA,NA
7149000,0.13655761024182078,0.12091038406827881,NA,NA
7153000,-0.004267425320056899,0.011379800853485065,NA,NA
7154500,0.2574679943100996,0.28165007112375534,-0.2571428571428571,-0.31746031746031744
7155590,0.20855614973262032,0.39215686274509803,-0.09090909090909091,-0.0766488413547237
7157500,0.10241820768136557,0.12660028449502134,NA,NA
7157950,-0.2762096774193548,-0.2620967741935484,-0.14705882352941177,-0.15789473684210525
7158000,-0.17780938833570412,-0.1806543385490754,-0.08,-0.09538461538461539
7165562,-0.5827956989247312,-0.46881720430107526,0.16883116883116883,0.16137566137566137
7165565,-0.5591397849462365,-0.5182795698924731,0.08421052631578947,0.18333333333333332
7166500,-0.18492176386913228,-0.18492176386913228,NA,NA
7167500,-0.049786628733997154,-0.02275960170697013,NA,NA
7169500,-0.10099573257467995,-0.10099573257467995,NA,NA
7169800,-0.04694167852062589,-0.07539118065433854,NA,NA
7170700,-0.23273273273273273,-0.2807807807807808,0.016091954022988506,0.1431451612903226
7172000,-0.08250355618776671,-0.11522048364153627,-0.22727272727272727,-0.25
7174400,0,0,NA,NA
7177650,-0.43010752688172044,0.0064516129032258064,0.03896103896103896,-0.12258064516129032
7177800,-0.11827956989247312,-0.11397849462365592,NA,NA
7179795,-0.041251778093883355,-0.041251778093883355,NA,NA
7180500,-0.01849217638691323,0.015647226173541962,NA,NA
7184000,-0.07112375533428165,-0.14935988620199148,0.0457516339869281,0.06
7195800,-0.005689900426742532,-0.005689900426742532,NA,NA
7196900,-0.029871977240398292,0.02844950213371266,NA,NA
7206000,-0.05547652916073969,0.032716927453769556,NA,0.13186813186813187
7207500,0.21621621621621623,0.16927453769559034,0.07272727272727272,-0.07575757575757576
7211500,0.2147937411095306,0.3229018492176387,NA,-0.2571428571428571
7221500,0.11948790896159317,0.14935988620199148,NA,NA
7226500,-0.00995732574679943,0.017069701280227598,0.015647226173541962,-0.02418207681365576
7227100,0.3357041251778094,0.3755334281650071,0.0026455026455026454,-0.19964349376114082
7227500,0.05689900426742532,0.031294452347083924,0.07272727272727272,0.08088235294117647
7230500,-0.017069701280227598,-0.017069701280227598,NA,NA
7231000,-0.03840682788051209,-0.002844950213371266,NA,NA
7232900,0.13763440860215054,0.12688172043010754,-0.06451612903225806,-0.06451612903225806
7234000,0.1337126600284495,0.24324324324324326,-0.10826210826210826,-0.2160919540229885
7235000,0.034139402560455195,0.11806543385490754,NA,NA
7237500,-0.041251778093883355,-0.041251778093883355,NA,NA
7238000,-0.08250355618776671,-0.08108108108108109,NA,NA
7239500,0.02275960170697013,0.02275960170697013,NA,NA
7247000,-0.001422475106685633,0.051209103840682786,NA,NA
7247500,-0.06116642958748222,-0.049786628733997154,0.31868131868131866,0.032679738562091505
7249400,-0.00995732574679943,-0.004267425320056899,NA,NA
7249985,-0.02418207681365576,0.005689900426742532,NA,0.05454545454545454
7252000,-0.05555555555555555,-0.05555555555555555,NA,NA
7260500,0.03698435277382646,0.03698435277382646,NA,NA
7261000,-0.10953058321479374,-0.021337126600284494,0.02631578947368421,-0.025974025974025976
7261500,0.22857142857142856,0.23697478991596638,-0.3076923076923077,-0.2948717948717949
7264000,0.20483641536273114,0.267425320056899,-0.3660130718954248,-0.24285714285714285
7297910,-0.07965860597439545,0.02418207681365576,0.2,0.3438735177865613
7299540,0.008534850640113799,0.01991465149359886,NA,0.01818181818181818
7300500,0.05263157894736842,0.0953058321479374,-0.35144927536231885,-0.24923076923076923
7301110,0.07823613086770982,0.07823613086770982,NA,NA
7301420,0.056451612903225805,0.15524193548387097,NA,NA
7301500,-0.07396870554765292,-0.06685633001422475,-0.047619047619047616,-0.06493506493506493
7303000,-0.24324324324324326,-0.1337126600284495,0.08,0.07635467980295567
7305000,0.07112375533428165,0.07112375533428165,NA,NA
7311000,0.03556187766714083,0.07254623044096728,NA,NA
7311500,0.10810810810810811,0.14509246088193456,-0.2046783625730994,-0.26666666666666666
7311700,0.021337126600284494,0.05832147937411095,NA,NA
7311800,0.2802275960170697,0.2958748221906117,-0.2946236559139785,-0.3951612903225806
7312200,0.20768136557610242,0.06401137980085349,NA,-0.21666666666666667
7314500,0.10668563300142248,0.16642958748221906,-0.13063063063063063,-0.11948790896159317
7314900,0.18776671408250356,0.22759601706970128,-0.1422475106685633,-0.1507823613086771
7315200,0.3869132290184922,0.3627311522048364,-0.3493761140819964,-0.21052631578947367
7315700,0.18349928876244664,0.20910384068278806,-0.43722943722943725,-0.4426877470355731
7316500,-0.06543385490753911,-0.04836415362731152,-0.07905138339920949,-0.18333333333333332
7324200,0.12612612612612611,0.12612612612612611,NA,NA
7334000,-0.05263157894736842,-0.05263157894736842,NA,NA
7335700,0.02844950213371266,-0.004267425320056899,-0.13538461538461538,-0.17701149425287357
7335790,0.07396870554765292,0.08677098150782361,NA,NA
7336200,0.05689900426742532,0.05405405405405406,NA,NA
7337900,0.005689900426742532,0.015647226173541962,NA,NA
7342500,-0.1906116642958748,-0.21763869132290184,NA,NA
7343000,-0.02844950213371266,0.02275960170697013,-0.002849002849002849,-0.0960591133004926
7343200,0.09388335704125178,0.00995732574679943,NA,NA
7343500,-0.10668563300142248,-0.10526315789473684,NA,NA
7346000,0.005042016806722689,0.005042016806722689,NA,NA
7346045,0.1806543385490754,0.08250355618776671,-0.1895424836601307,-0.14855072463768115
7346070,0.007112375533428165,0.06401137980085349,-0.20512820512820512,-0.05714285714285714
7348700,0.032716927453769556,0.06970128022759602,NA,NA
7351500,-0.1126984126984127,0.03492063492063492,0.030107526881720432,-0.08412698412698413
7361500,0.22048364153627312,0.23044096728307253,0.051470588235294115,0.006535947712418301
7362100,0.1906116642958748,0.2147937411095306,NA,NA
7364133,0.002150537634408602,0.002150537634408602,NA,NA
7364200,0.04694167852062589,0.04694167852062589,NA,NA
7366200,0.20625889046941678,0.25604551920341395,NA,-0.3939393939393939
7377782,-0.0928030303030303,-0.09848484848484848,NA,NA
7385700,-0.029871977240398292,-0.029871977240398292,NA,NA
8010000,0.004267425320056899,0.021337126600284494,NA,NA
8017200,0.09388335704125178,0.1465149359886202,-0.1586452762923351,-0.16666666666666666
8017300,-0.577524893314367,-0.5803698435277382,0.27076923076923076,0.4369230769230769
8017410,-0.20483641536273114,-0.28733997155049784,NA,-0.07575757575757576
8018500,-0.03303303303303303,-0.03303303303303303,NA,NA
8019000,-0.13663663663663664,-0.13663663663663664,NA,NA
8023080,-0.08961593172119488,-0.01991465149359886,-0.0017825311942959,-0.06507936507936508
8023400,-0.35135135135135137,-0.3123123123123123,-0.016666666666666666,0.007936507936507936
8025500,0.036036036036036036,0.036036036036036036,NA,NA
8042800,0.12091038406827881,0.12660028449502134,-0.03982930298719772,-0.017069701280227598
8044000,-0.10344827586206896,-0.09885057471264368,-0.37142857142857144,-0.36666666666666664
8044500,0.031294452347083924,0.08961593172119488,NA,NA
8047500,-0.05405405405405406,-0.049786628733997154,NA,-0.34545454545454546
8048000,-0.05263157894736842,-0.05263157894736842,NA,NA
8048543,0.10241820768136557,0.10241820768136557,NA,NA
8049700,-0.42105263157894735,-0.37268847795163584,0.13054187192118227,0.17234848484848486
8050100,-0.052552552552552555,-0.12612612612612611,NA,NA
8050400,0.07765151515151515,0.16098484848484848,NA,-0.05128205128205128
8050800,0.45454545454545453,0.4337121212121212,-0.46169354838709675,-0.4696969696969697
8051500,0.03982930298719772,0.12375533428165007,-0.2631578947368421,-0.21428571428571427
8052700,-0.4294294294294294,-0.3768768768768769,0.018145161290322582,0.0427807486631016
8053500,0.15647226173541964,0.18776671408250356,-0.11462450592885376,-0.07076923076923076
8055500,0.1251778093883357,0.13229018492176386,0.032679738562091505,0.006535947712418301
8058900,-0.09247311827956989,-0.053763440860215055,0.11231884057971014,-0.005291005291005291
8063100,-0.18349928876244664,-0.23044096728307253,0.04,0.029556650246305417
8063800,0.30725462304409673,0.3584637268847795,-0.12535612535612536,-0.05303030303030303
8064100,-0.025210084033613446,-0.0033613445378151263,0.06666666666666667,-0.11052631578947368
8064700,-0.032716927453769556,0.02844950213371266,0.13227513227513227,0.045454545454545456
8065800,-0.17923186344238975,-0.16927453769559034,0.02564102564102564,0.09333333333333334
8066170,0.05169340463458111,0.05169340463458111,NA,NA
8066200,0.17496443812233287,0.17354196301564723,NA,NA
8068720,0.10099573257467995,0.16358463726884778,0.0015015015015015015,0.05832147937411095
8068740,-0.3200568990042674,-0.283072546230441,0.3090909090909091,0.08791208791208792
8068780,0.08266129032258064,0.03024193548387097,0.19117647058823528,0.1067193675889328
8071280,-0.040998217468805706,0.03208556149732621,-0.16666666666666666,-0.08333333333333333
8072730,-0.36786786786786785,-0.536036036036036,0.2727272727272727,0.43137254901960786
8075400,0.0338680926916221,0.0338680926916221,NA,NA
8078000,0.01849217638691323,0.05547652916073969,NA,NA
8079600,-0.05263157894736842,-0.06116642958748222,0.12802275960170698,0.08534850640113797
8080500,-0.059743954480796585,-0.06258890469416785,-0.023715415019762844,0.05138339920948617
8082000,0.25177809388335703,0.15362731152204837,-0.06060606060606061,-0.052307692307692305
8082500,0.02275960170697013,0.044096728307254626,-0.28104575163398693,-0.3684210526315789
8082700,-0.06970128022759602,-0.029871977240398292,0.03698435277382646,-0.02844950213371266
8083100,0.44523470839260315,0.45519203413940257,-0.08571428571428572,0.01904761904761905
8084000,0.16073968705547653,0.1891891891891892,NA,-0.26666666666666666
8084800,0.24466571834992887,0.26458036984352773,NA,-0.21428571428571427
8085500,0.09246088193456614,0.1337126600284495,-0.26373626373626374,-0.12380952380952381
8086212,0.16358463726884778,0.18634423897581792,-0.22365591397849463,-0.22521008403361345
8086290,0.17069701280227595,0.2503556187766714,-0.24126984126984127,-0.05555555555555555
8091500,0.001422475106685633,0.031294452347083924,-0.19117647058823528,-0.0718954248366013
8095000,0.1678520625889047,0.1465149359886202,NA,NA
8095200,0.0045045045045045045,0.0045045045045045045,NA,NA
8100500,-0.041251778093883355,-0.08108108108108109,NA,NA
8101000,-0.10384068278805121,-0.09672830725462304,0.007352941176470588,0.07602339181286549
8102500,-0.155049786628734,-0.05547652916073969,0.4909090909090909,0.1619047619047619
8103900,0.11948790896159317,0.12375533428165007,-0.21904761904761905,-0.15615615615615616
8104700,-0.012802275960170697,-0.08961593172119488,NA,NA
8104900,0.059743954480796585,0.05405405405405406,NA,-0.19696969696969696
8105700,-0.012802275960170697,-0.051209103840682786,NA,NA
8109700,-0.4480796586059744,-0.42816500711237554,0.2554112554112554,0.213768115942029
8109800,-0.07254623044096728,-0.04267425320056899,0,-0.17142857142857143
8110100,0.08108108108108109,0.09957325746799431,-0.18160919540229886,-0.23387096774193547
8110325,0.20625889046941678,0.19203413940256045,-0.13725490196078433,-0.23333333333333334
8110430,0.2887624466571835,0.18492176386913228,-0.17815126050420169,-0.16507936507936508
8111700,0.038306451612903226,0.08669354838709678,NA,NA
8121000,0.12944523470839261,0.10241820768136557,-0.009523809523809525,-0.0907258064516129
8123800,0.48079658605974396,0.45376955903271693,-0.30735930735930733,-0.3632183908045977
8123850,0.26884779516358465,0.2887624466571835,-0.1774891774891775,-0.1452991452991453
8124000,0.1806543385490754,0.16500711237553342,0.0989010989010989,-0.1368421052631579
8126380,0.001422475106685633,-0.041251778093883355,NA,-0.22727272727272727
8127000,0.20625889046941678,0.20768136557610242,-0.11827956989247312,-0.17540322580645162
8128400,0.509469696969697,0.5151515151515151,-0.5641025641025641,-0.5925925925925926
8134000,0.3869132290184922,0.4395448079658606,-0.36541889483065954,-0.37936507936507935
8136000,0.004267425320056899,-0.06258890469416785,NA,-0.06666666666666667
8136500,0.2019914651493599,0.12375533428165007,-0.0196078431372549,-0.09881422924901186
8143600,-0.011379800853485065,-0.06401137980085349,-0.16363636363636364,-0.28205128205128205
8146000,-0.043697478991596636,-0.043697478991596636,NA,NA
8150800,0,-0.029871977240398292,0.13333333333333333,0.09782608695652174
8151500,-0.041251778093883355,-0.05547652916073969,NA,NA
8152000,0.14616755793226383,0.1051693404634581,-0.14130434782608695,-0.15384615384615385
8152900,0.13949579831932774,0.10252100840336134,NA,NA
8153500,0.09957325746799431,0.09957325746799431,NA,NA
8154700,0.2147937411095306,0.18492176386913228,-0.22794117647058823,-0.10952380952380952
8155200,-0.3409090909090909,-0.32575757575757575,-0.4065934065934066,-0.2679738562091503
8155300,0.01849217638691323,0.025604551920341393,0.05547652916073969,0.08534850640113797
8156800,-0.15873015873015872,-0.1380952380952381,0.012698412698412698,0.044444444444444446
8158600,0.12091038406827881,0.07396870554765292,0.38461538461538464,0.19166666666666668
8158700,0.20483641536273114,0.20483641536273114,-0.10606060606060606,-0.07575757575757576
8158810,0.11095305832147938,0.06258890469416785,-0.07384615384615385,-0.11182795698924732
8159000,0.06258890469416785,0.06116642958748222,-0.02528735632183908,-0.09247311827956989
8160800,0.1465149359886202,0.20768136557610242,NA,0.029239766081871343
8164000,0.06258890469416785,0.03698435277382646,NA,NA
8164300,0.20768136557610242,0.24182076813655762,NA,-0.4696969696969697
8164450,-0.001422475106685633,-0.08392603129445235,0.21367521367521367,0.17849462365591398
8164503,0.04551920341394026,0.13229018492176386,NA,NA
8164600,0.25604551920341395,0.2233285917496444,-0.21052631578947367,-0.3476190476190476
8164800,0.05689900426742532,0.032716927453769556,-0.23529411764705882,-0.2391304347826087
8167000,0.041251778093883355,0.041251778093883355,NA,NA
8167500,0.15362731152204837,0.15362731152204837,NA,NA
8171300,0.28733997155049784,0.29445234708392604,-0.12380952380952381,-0.13333333333333333
8172400,-0.5106685633001422,-0.5007112375533428,0,0.008602150537634409
8175000,0.1251778093883357,0.2119487908961593,NA,NA
8176900,0.34708392603129445,0.3186344238975818,-0.4,-0.4083333333333333
8177500,-0.05405405405405406,-0.05405405405405406,NA,NA
8178700,0.4050420168067227,0.4134453781512605,-0.1622103386809269,-0.20677361853832443
8178800,0.07254623044096728,0.15789473684210525,NA,NA
8178880,0.10158730158730159,0.10158730158730159,NA,NA
8180700,0.04504504504504504,0.04504504504504504,NA,NA
8181400,-0.06827880512091039,0,0.041251778093883355,0.04551920341394026
8181480,0.0481283422459893,0.0481283422459893,NA,NA
8185000,-0.05832147937411095,-0.05689900426742532,0.004267425320056899,0.004267425320056899
8186000,0.04694167852062589,0.04694167852062589,NA,NA
8189200,0.1166429587482219,0.11379800853485064,-0.04836415362731152,0.00995732574679943
8189500,0.22190611664295876,0.1721194879089616,NA,NA
8189700,-0.1379800853485064,-0.1379800853485064,NA,NA
8190500,0.18207681365576103,0.1251778093883357,-0.06315789473684211,-0.2427536231884058
8192000,0.2119487908961593,0.21052631578947367,NA,NA
8193000,0.1593172119487909,0.13513513513513514,-0.10984848484848485,-0.13368983957219252
8194000,0.03698435277382646,0.03698435277382646,0.021848739495798318,0.018487394957983194
8194200,0.06970128022759602,0.10099573257467995,0.00995732574679943,0.05689900426742532
8194500,0.12802275960170698,0.13229018492176386,-0.046798029556650245,-0.08172043010752689
8195000,0.03556187766714083,0.03556187766714083,NA,NA
8197500,0.24466571834992887,0.24466571834992887,-0.06258890469416785,-0.06685633001422475
8198000,0.18349928876244664,0.17069701280227595,NA,NA
8198500,0.1906116642958748,0.22190611664295876,NA,NA
8200000,0.10810810810810811,0.13229018492176386,NA,NA
8201500,0.26884779516358465,0.24182076813655762,NA,-0.5151515151515151
8202700,0.03556187766714083,0.03556187766714083,0.02418207681365576,0.02418207681365576
8205500,0.2972972972972973,0.3003003003003003,-0.4166666666666667,-0.427536231884058
8206600,0.23186344238975817,0.3229018492176387,-0.11695906432748537,-0.26877470355731226
8208000,-0.14793741109530584,-0.15647226173541964,-0.18181818181818182,-0.22727272727272727
8247500,-0.04694167852062589,-0.02844950213371266,-0.15508021390374332,-0.17647058823529413
8249000,0.25889046941678523,0.2460881934566145,-0.03684210526315789,-0.021052631578947368
8316000,0.10810810810810811,0.13655761024182078,NA,NA
8317200,0.1497326203208556,0.5080213903743316,NA,-0.15384615384615385
8317950,0.4295874822190612,0.45376955903271693,-0.43812233285917496,-0.44096728307254623
8329000,0.13793103448275862,0.17471264367816092,-0.3904761904761905,-0.35833333333333334
8332010,-0.25946969696969696,-0.25946969696969696,NA,NA
8334000,0.40256045519203415,0.40540540540540543,-0.35135135135135137,-0.33428165007112376
8353000,-0.2672672672672673,0.07357357357357357,0.1111111111111111,0.028528528528528527
8379500,0.09672830725462304,0.09672830725462304,NA,NA
8382500,0.1934566145092461,0.19914651493598862,-0.07526881720430108,-0.08669354838709678
8382600,0.3442389758179232,0.36415362731152207,-0.010869565217391304,-0.08923076923076922
8382830,0.18492176386913228,0.3968705547652916,-0.2246153846153846,-0.26916221033868093
8384500,0.031294452347083924,-0.10810810810810811,NA,-0.45454545454545453
8386000,-0.02844950213371266,-0.01422475106685633,0.18681318681318682,0.03296703296703297
8387000,0.041251778093883355,0.041251778093883355,NA,NA
8387600,0.27956989247311825,0.3096774193548387,-0.28104575163398693,-0.24210526315789474
8390500,0.2702702702702703,0.27453769559032715,-0.1465149359886202,-0.14082503556187767
8390800,0.2574679943100996,0.2702702702702703,-0.12375533428165007,-0.14366998577524892
8396500,0.03840682788051209,0.07823613086770982,NA,NA
8398500,0.22901849217638692,0.13940256045519203,0.004267425320056899,0.004267425320056899
8400000,-0.2375533428165007,-0.24466571834992887,0.004267425320056899,0.004267425320056899
8401200,-0.10960960960960961,-0.06756756756756757,0,0
8401900,0.11379800853485064,0.11806543385490754,0,0
8405150,-0.07823613086770982,-0.08961593172119488,0,0
8408500,-0.007112375533428165,-0.004267425320056899,-0.24,-0.22666666666666666
8477110,0.00995732574679943,0.00995732574679943,NA,NA
9066300,0.00995732574679943,0.155049786628734,NA,NA
9166950,0.3333333333333333,0.2994652406417112,-0.08143939393939394,-0.1553030303030303
9169500,0.041251778093883355,0.041251778093883355,NA,NA
9224700,0.02844950213371266,0.02702702702702703,NA,NA
9255000,0,0,NA,NA
9260000,0.005689900426742532,-0.008534850640113799,NA,NA
9291000,-0.3413940256045519,-0.3413940256045519,0.037037037037037035,0.037037037037037035
9312600,0.032716927453769556,0.032716927453769556,NA,NA
9314500,0.06451612903225806,0.06451612903225806,NA,NA
9328500,-0.01422475106685633,-0.015647226173541962,NA,NA
9333500,-0.16989247311827957,-0.14408602150537633,0.08088235294117647,-0.014705882352941176
9364500,-0.007112375533428165,-0.007112375533428165,NA,NA
9366500,0.17780938833570412,0.21906116642958748,NA,NA
9367500,0.17117117117117117,0.33633633633633636,-0.09090909090909091,-0.2894736842105263
9371000,0.25177809388335703,0.25889046941678523,0.12318840579710146,0.10144927536231885
9378170,0.48484848484848486,0.5965909090909091,0.16666666666666666,-0.36
9378630,0.352773826458037,0.2574679943100996,-0.008547008547008548,-0.10668563300142248
9379200,0.13229018492176386,0.18207681365576103,-0.20910384068278806,-0.24751066856330015
9386030,0.5405405405405406,0.6586059743954481,-0.525,-0.5904761904761905
9386900,0.3442389758179232,0.49786628733997157,-0.1,-0.5010752688172043
9386950,0.6529160739687055,0.6557610241820768,-0.6500711237553343,-0.6714082503556188
9394500,0.42105263157894735,0.5376955903271693,-0.05228758169934641,-0.18181818181818182
9401260,0.12944523470839261,0.1507823613086771,-0.14509246088193456,-0.13513513513513514
9409880,0.023172905525846704,0.0017825311942959,NA,NA
9413000,-0.030303030303030304,-0.0570409982174688,NA,NA
9418500,0.05263157894736842,0.05547652916073969,NA,NA
9423350,0.07681365576102418,0.059743954480796585,-0.12802275960170698,-0.09672830725462304
9424900,0.473015873015873,0.4793650793650794,-0.47619047619047616,-0.47619047619047616
9426000,-0.034139402560455195,-0.034139402560455195,NA,NA
9426620,0.11724137931034483,0.12183908045977011,-0.4444444444444444,-0.4444444444444444
9430600,0.08534850640113797,0.08677098150782361,-0.11904761904761904,-0.16989247311827957
9466500,0.059743954480796585,0.06685633001422475,0.2087912087912088,0.2087912087912088
9468500,0.5234708392603129,0.5263157894736842,0.07602339181286549,0.005847953216374269
9473000,0.2012012012012012,0.2012012012012012,NA,NA
9480000,0.3155080213903743,0.3511586452762923,-0.11052631578947368,0.02766798418972332
9484000,0.09659090909090909,0.10984848484848485,-0.22365591397849463,-0.24946236559139784
9485000,0.06451612903225806,0.07741935483870968,-0.2860215053763441,-0.26021505376344084
9494000,0.07254623044096728,0.07254623044096728,NA,NA
9498503,0.012096774193548387,0.12096774193548387,-0.16502463054187191,-0.23655913978494625
9499000,0.45803698435277385,0.4850640113798009,-0.012987012987012988,-0.05138339920948617
9502000,-0.11260504201680673,-0.11260504201680673,NA,NA
9505350,0.1251778093883357,0.19914651493598862,-0.23470839260312945,-0.31152204836415365
9507980,0.07539118065433854,0.1337126600284495,NA,NA
9508300,0.49644381223328593,0.47368421052631576,-0.4264264264264264,-0.3963963963963964
9510000,-0.14793741109530584,-0.14793741109530584,NA,NA
9510200,0.44950213371266,0.4096728307254623,-0.29846153846153844,-0.3084677419354839
9511300,-0.13363363363363365,-0.13363363363363365,NA,NA
9512280,0.5732574679943101,0.5732574679943101,-0.43174603174603177,-0.4523809523809524
9512500,0.05405405405405406,0.19630156472261737,NA,NA
9512800,0.21763869132290184,0.3357041251778094,0.4393939393939394,0.3464052287581699
9513780,0.22901849217638692,0.23470839260312945,-0.20056899004267426,-0.20625889046941678
9513860,0.06116642958748222,0.08108108108108109,0,0
9517490,0.28342245989304815,0.30303030303030304,-0.2192513368983957,-0.2192513368983957
9535100,0.011111111111111112,-0.0380952380952381,0,0
9537200,0.546031746031746,0.5222222222222223,-0.3137254901960784,-0.35177865612648224
10020100,-0.021337126600284494,-0.017069701280227598,NA,NA
10219000,-0.02418207681365576,-0.02418207681365576,NA,NA
10256500,-0.2574679943100996,-0.30014224751066854,0.1282051282051282,-0.047619047619047616
10257550,-0.1711229946524064,-0.16755793226381463,0.03968253968253968,0.03439153439153439
10257600,0.051209103840682786,0.04694167852062589,0,-0.013333333333333334
10257720,0.33669354838709675,0.3870967741935484,-0.2866666666666667,-0.3103448275862069
10258000,0.34281650071123754,0.33428165007112376,-0.24666666666666667,-0.18666666666666668
10258500,0.22190611664295876,0.2503556187766714,-0.1915966386554622,-0.1873015873015873
10259200,0.49786628733997157,0.4423897581792319,-0.3264367816091954,-0.24242424242424243
10260950,-0.015647226173541962,-0.017069701280227598,-0.12660028449502134,-0.12944523470839261
10261500,-0.00995732574679943,-0.00995732574679943,NA,NA
10287300,0.23588709677419356,0.23588709677419356,NA,NA
10287770,-0.33548387096774196,-0.33763440860215055,-0.15698924731182795,-0.15698924731182795
10301500,0.09246088193456614,0.09246088193456614,NA,NA
10311300,0.38324420677361853,0.29590017825311943,-0.02564102564102564,-0.18840579710144928
10311400,0.19786096256684493,0.19786096256684493,NA,NA
10312000,0.04836415362731152,-0.03556187766714083,-0.21818181818181817,0.3516483516483517
10312275,-0.030303030303030304,-0.030303030303030304,NA,NA
10315500,0.04694167852062589,0.08961593172119488,NA,NA
10324500,0.2887624466571835,0.32147937411095306,-0.24285714285714285,-0.2943722943722944
10333000,0.17069701280227595,0.17069701280227595,NA,NA
10335000,0.03556187766714083,0.07539118065433854,NA,NA
10336676,0.1763869132290185,0.17069701280227595,-0.07272727272727272,-0.030303030303030304
10336715,0.002844950213371266,0.2759601706970128,NA,-0.26704545454545453
10336730,-0.034408602150537634,0.0064516129032258064,NA,0.36363636363636365
10337500,0.12802275960170698,0.10099573257467995,NA,NA
10344500,0.11948790896159317,0.029871977240398292,NA,NA
10348200,-0.029871977240398292,0.01422475106685633,NA,NA
10349300,0.30867709815078237,0.26600284495021337,NA,-0.22058823529411764
10349980,-0.044096728307254626,-0.044096728307254626,NA,NA
10352500,-0.00995732574679943,-0.025604551920341393,NA,NA
11014000,0.36553030303030304,0.36174242424242425,-0.2391304347826087,-0.21739130434782608
11015000,0.32147937411095306,0.2887624466571835,-0.25287356321839083,-0.14482758620689656
11022200,0.047058823529411764,0.1815126050420168,NA,NA
11022480,0,0.044096728307254626,NA,NA
11023000,-0.11561561561561562,-0.17717717717717718,NA,NA
11025500,0.6657183499288762,0.5263157894736842,-0.4074074074074074,-0.4413793103448276
11028500,0.4779516358463727,0.5277382645803699,-0.4015873015873016,-0.33712660028449504
11042000,0.47368421052631576,0.47368421052631576,-0.5904761904761905,-0.5714285714285714
11042400,0.2460881934566145,0.32147937411095306,NA,NA
11042631,0.3333333333333333,0.3204301075268817,-0.15913978494623657,-0.16344086021505377
11042800,-0.053763440860215055,-0.14193548387096774,-0.17204301075268819,-0.17634408602150536
11042900,0.15913978494623657,0.16774193548387098,-0.3053763440860215,-0.3053763440860215
11043000,0.07681365576102418,0.3413940256045519,0.09090909090909091,-0.13666666666666666
11046000,0.031746031746031744,0.0380952380952381,0.03694581280788178,0.03694581280788178
11046530,0.18371212121212122,0.21022727272727273,-0.2275132275132275,-0.23544973544973544
11051500,-0.18776671408250356,-0.19914651493598862,0.01818181818181818,0.12121212121212122
11055500,-0.19630156472261737,-0.267425320056899,0.16911764705882354,0.2789473684210526
11055800,0.049786628733997154,0.07112375533428165,NA,-0.38181818181818183
11057500,-0.43385490753911804,-0.3840682788051209,0.023715415019762844,0.26153846153846155
11059300,0.41536273115220484,0.4182076813655761,0.30526315789473685,0.30526315789473685
11060400,0.23470839260312945,0.30014224751066854,NA,-0.5333333333333333
11062000,0.032716927453769556,0.04267425320056899,0.11384615384615385,0.023809523809523808
11063680,-0.5021337126600285,-0.5547652916073968,0.22105263157894736,0.24285714285714285
11065000,0.2147937411095306,0.1934566145092461,-0.12380952380952381,-0.1349206349206349
11069500,-0.0142602495543672,0.13012477718360071,0.07936507936507936,0.009852216748768473
11070500,0.28591749644381226,0.3015647226173542,-0.23544973544973544,-0.2086021505376344
11073495,-0.17923186344238975,-0.19203413940256045,NA,NA
11075720,0.22048364153627312,0.21906116642958748,-0.20625889046941678,-0.1891891891891892
11075800,0.005689900426742532,0.1337126600284495,0.18487394957983194,0.0075075075075075074
11077500,0.33428165007112376,0.27453769559032715,-0.08534850640113797,-0.08534850640113797
11078000,0.3911806543385491,0.39829302987197723,-0.23897581792318634,-0.21052631578947367
11085000,0.155049786628734,0.1507823613086771,-0.17354196301564723,-0.1678520625889047
11087020,0.16642958748221906,0.16642958748221906,-0.15384615384615385,-0.15384615384615385
11088500,0.24324324324324326,0.20768136557610242,NA,NA
11089500,0.02275960170697013,0.021337126600284494,NA,NA
11097000,0.23044096728307253,0.22759601706970128,-0.21621621621621623,-0.2019914651493599
11098000,0.08534850640113797,0.16073968705547653,NA,0.4696969696969697
11102300,0.5547652916073968,0.5604551920341394,-0.30158730158730157,-0.39408866995073893
11109600,0.30725462304409673,0.34708392603129445,NA,NA
11109800,-0.15647226173541964,-0.17069701280227595,NA,NA
11111500,0.08199643493761141,0.2798573975044563,NA,-0.25757575757575757
11118500,-0.041251778093883355,-0.09103840682788052,0.17647058823529413,0.04285714285714286
11119500,0.24039829302987198,0.2233285917496444,-0.15873015873015872,-0.19519519519519518
11119750,0.3684210526315789,0.3442389758179232,-0.1806543385490754,-0.19914651493598862
11119940,0.27880512091038406,0.2574679943100996,-0.2802275960170697,-0.26884779516358465
11120000,-0.10099573257467995,-0.24466571834992887,-0.04923076923076923,0.17117117117117117
11120500,0.10810810810810811,0.02844950213371266,0.24242424242424243,-0.12807881773399016
11123000,0.1678520625889047,0.18634423897581792,-0.03003003003003003,-0.028528528528528527
11123500,0.17267267267267267,0.15015015015015015,-0.19318181818181818,-0.16856060606060605
11124500,0.06827880512091039,0.08392603129445235,-0.1632183908045977,-0.14623655913978495
11128250,0.17290552584670232,0.18716577540106952,-0.12631578947368421,-0.20652173913043478
11128500,-0.21771771771771772,-0.22372372372372373,-0.06837606837606838,-0.06837606837606838
11132500,0.029871977240398292,0.13655761024182078,NA,-0.0989010989010989
11133000,0.051209103840682786,0.051209103840682786,-0.2222222222222222,-0.17989417989417988
11136800,0.4850640113798009,0.45376955903271693,-0.25071225071225073,-0.17724867724867724
11138500,0.060215053763440864,0.03655913978494624,NA,NA
11140000,0.14366998577524892,0.13086770981507823,-0.08558558558558559,-0.08858858858858859
11141050,-0.2722689075630252,-0.5109243697478991,-0.21323529411764705,0.3230769230769231
11143200,-0.02418207681365576,-0.02418207681365576,NA,NA
11143250,-0.06258890469416785,-0.06970128022759602,-0.008602150537634409,-0.004301075268817204
11147500,-0.09672830725462304,-0.08250355618776671,0.0945945945945946,0.04267425320056899
11148900,0.17354196301564723,0.14509246088193456,-0.12698412698412698,-0.13174603174603175
11149400,-0.02418207681365576,-0.02418207681365576,NA,NA
11149900,0.14082503556187767,0.13086770981507823,0.0045045045045045045,0.01951951951951952
11151300,0.41109530583214793,0.4665718349928876,NA,-0.5380116959064327
11151700,0.226890756302521,0.23025210084033612,0.21323529411764705,0.04093567251461988
11152000,0.1379800853485064,0.1379800853485064,-0.36666666666666664,-0.31666666666666665
11152300,0.2233285917496444,0.22759601706970128,0.18095238095238095,0.18095238095238095
11152500,0.2972972972972973,0.31436699857752487,0.11904761904761904,0.11822660098522167
11152600,-0.22016806722689075,-0.1815126050420168,0.012903225806451613,0.056818181818181816
11156500,-0.02702702702702703,0.01849217638691323,NA,NA
11158600,0.30867709815078237,0.3541963015647226,-0.18487394957983194,-0.19047619047619047
11159200,-0.05832147937411095,-0.01422475106685633,0.10846560846560846,0.10804597701149425
11160000,-0.05689900426742532,-0.08250355618776671,NA,NA
11162570,0.13978494623655913,0.01935483870967742,NA,0.13636363636363635
11162630,-0.3869132290184922,-0.3812233285917496,0.1,0.175
11164500,0.015647226173541962,0.07254623044096728,NA,0.05
11166000,0.017069701280227598,0.12660028449502134,-0.2,-0.18095238095238095
11176400,0.20910384068278806,0.21621621621621623,-0.12436974789915967,-0.13109243697478992
11176500,0,-0.00995732574679943,NA,NA
11180500,0.07823613086770982,0.11379800853485064,-0.2019914651493599,-0.2034139402560455
11180700,-0.48933143669985774,-0.5234708392603129,0.19480519480519481,0.3188405797101449
11180825,-0.10158730158730159,-0.2523809523809524,NA,0.13186813186813187
11180960,-0.017069701280227598,0.03840682788051209,0.008403361344537815,-0.01422475106685633
11182500,-0.15362731152204837,0.04694167852062589,0.01098901098901099,0.11083743842364532
11200800,0.19914651493598862,0.2019914651493599,-0.24210526315789474,-0.29473684210526313
11208000,0.10384068278805121,0.10384068278805121,NA,NA
11216400,-0.3971774193548387,-0.41935483870967744,0.29523809523809524,0.4066666666666667
11224500,0.2532005689900427,0.24893314366998578,-0.18181818181818182,-0.19047619047619047
11237500,0.015647226173541962,0.015647226173541962,NA,NA
11237700,-0.08064516129032258,-0.014112903225806451,NA,NA
11238600,0.1051693404634581,0.1051693404634581,NA,NA
11246500,-0.19914651493598862,-0.21906116642958748,0.21818181818181817,0.2948717948717949
11253310,0.283072546230441,0.2930298719772404,-0.24242424242424243,-0.17777777777777778
11269700,-0.04694167852062589,-0.04694167852062589,-0.11363636363636363,-0.11363636363636363
11274500,0.16500711237553342,0.16927453769559034,-0.13940256045519203,-0.1379800853485064
11274630,0.14082503556187767,0.15220483641536273,-0.10227272727272728,-0.08571428571428572
11284400,0.14366998577524892,0.10668563300142248,-0.08888888888888889,-0.021021021021021023
11294000,-0.05263157894736842,-0.05263157894736842,NA,NA
11299600,0.16638655462184873,0.15294117647058825,-0.10588235294117647,-0.146218487394958
11315000,-0.049786628733997154,0.08250355618776671,NA,0.2727272727272727
11335000,-0.012802275960170697,-0.015647226173541962,NA,NA
11348500,0.12802275960170698,0.13086770981507823,NA,NA
11376025,-0.11260504201680673,-0.11260504201680673,NA,NA
11379500,0.08534850640113797,0.155049786628734,NA,NA
11403800,0.22759601706970128,0.22759601706970128,-0.02857142857142857,-0.02857142857142857
11427000,0.09815078236130868,0.09815078236130868,NA,NA
11451000,-0.032716927453769556,-0.032716927453769556,NA,NA
11451100,0.16216216216216217,0.1465149359886202,-0.28205128205128205,-0.2692307692307692
11452500,0.2958748221906117,0.2958748221906117,-0.15019762845849802,-0.1422924901185771
11456000,0.5757575757575758,0.5757575757575758,-0.41904761904761906,-0.49264705882352944
11458000,0.5092460881934566,0.5078236130867709,-0.30409356725146197,-0.3508771929824561
11459500,-0.06685633001422475,-0.07254623044096728,0.23529411764705882,-0.003076923076923077
11461000,0.2702702702702703,0.2332859174964438,0.13725490196078433,-0.019762845849802372
11465200,-0.049786628733997154,-0.049786628733997154,NA,NA
11480390,0.22617354196301565,0.2233285917496444,-0.21746880570409982,-0.21746880570409982
11493500,0.4777777777777778,0.46984126984126984,-0.150997150997151,-0.1396011396011396
12115700,0.12380952380952381,0.12222222222222222,-0.16883116883116883,-0.1471861471861472
12116500,-0.032716927453769556,-0.032716927453769556,NA,NA
12143700,-0.032716927453769556,-0.032716927453769556,NA,NA
12323770,-0.040336134453781515,-0.11764705882352941,NA,NA
12465000,-0.02418207681365576,-0.02418207681365576,NA,NA
12513000,-0.611764705882353,-0.5865546218487395,0.40336134453781514,0.3546218487394958
13055340,0.050793650793650794,0.06507936507936508,-0.14035087719298245,-0.15263157894736842
13058000,0.08143939393939394,0.07954545454545454,-0.04734848484848485,-0.04734848484848485
13068500,0.05832147937411095,0.06116642958748222,NA,NA
13068501,0.050793650793650794,0.05396825396825397,NA,NA
13082500,-0.01849217638691323,-0.01849217638691323,NA,NA
13112000,0.3669985775248933,0.3669985775248933,-0.19073083778966132,-0.19073083778966132
13132500,0.2532005689900427,0.267425320056899,-0.11375661375661375,-0.11375661375661375
13132520,0.10695187165775401,0.10695187165775401,-0.07142857142857142,-0.07142857142857142
13132535,0.1319073083778966,0.1319073083778966,-0.2103386809269162,-0.2103386809269162
13142500,-0.059743954480796585,-0.05832147937411095,NA,NA
13152500,0.31721194879089615,0.3385490753911807,-0.2,-0.26143790849673204
13159800,-0.008403361344537815,0.010084033613445379,NA,NA
13174500,0.14793741109530584,0.19772403982930298,NA,0.1
13202000,-0.1678520625889047,-0.1678520625889047,NA,NA
13215000,0.07357357357357357,0.1816816816816817,-0.005291005291005291,-0.2518939393939394
13217500,-0.29871977240398295,0.13086770981507823,0.0661764705882353,0.3195402298850575
13236500,-0.015647226173541962,-0.015647226173541962,NA,NA
13297350,-0.2233285917496444,-0.20768136557610242,NA,NA
14015000,-0.5206258890469416,-0.5206258890469416,-0.06884057971014493,-0.10869565217391304
14018500,0.09815078236130868,0.06543385490753911,NA,NA
14034470,0.02857142857142857,-0.03333333333333333,NA,NA
14034500,-0.05263157894736842,-0.05263157894736842,NA,NA
14233500,0.002844950213371266,0.002844950213371266,NA,NA
14362250,0.17142857142857143,0.15798319327731092,0.08496732026143791,0.12631578947368421
