gage_ID,observed,predicted,metric
1174500,0.06116642958748222,-0.04154397327079276,annualnoflowdays
1311500,-0.577524893314367,-0.3154355092167929,annualnoflowdays
1378500,-0.1678520625889047,-0.17358010363787674,annualnoflowdays
1379530,-0.5448079658605974,-0.3030543016225862,annualnoflowdays
1382500,-0.20793650793650795,-0.13981419652414714,annualnoflowdays
1407500,-0.5305832147937412,-0.2862477114722487,annualnoflowdays
1653600,-0.1763869132290185,-0.0761824243563311,annualnoflowdays
1660920,0.17290552584670232,0.006809288394903174,annualnoflowdays
1661050,-0.1166429587482219,-0.09964959189355584,annualnoflowdays
2047500,-0.16816816816816818,-0.07840004491831168,annualnoflowdays
2077200,-0.034139402560455195,-0.022510538147884434,annualnoflowdays
2077670,-0.15362731152204837,-0.07975713240511999,annualnoflowdays
2084160,-0.0338680926916221,0.010839962360848688,annualnoflowdays
2084557,-0.08819345661450925,-0.03780039134850486,annualnoflowdays
2096846,0.2735632183908046,0.17804590318523453,annualnoflowdays
2097464,0.296551724137931,0.18468908000594453,annualnoflowdays
2176500,0.3015647226173542,0.1546266911137003,annualnoflowdays
2193340,0.2701612903225806,0.1758679399329455,annualnoflowdays
2212600,0.15647226173541964,0.14215346788768196,annualnoflowdays
2216180,0.09047619047619047,0.0999439070116135,annualnoflowdays
2231342,0.01849217638691323,0.020394954484829263,annualnoflowdays
2231600,-0.06685633001422475,-0.009991258900619783,annualnoflowdays
2232200,-0.23044096728307253,-0.0669904699058748,annualnoflowdays
2236500,0.05263157894736842,0.077211017044014,annualnoflowdays
2236900,0.14935988620199148,0.11396320662838787,annualnoflowdays
2237293,0.0953058321479374,0.10998378749277042,annualnoflowdays
2256500,-0.07112375533428165,0.01940527281010639,annualnoflowdays
2264000,-0.04804804804804805,0.05095279340161395,annualnoflowdays
2266200,-0.2332859174964438,0.03914784842743999,annualnoflowdays
2266205,0.6088709677419355,0.2231165710649806,annualnoflowdays
2266500,-0.0761904761904762,0.021371025581336325,annualnoflowdays
2291580,-0.4657258064516129,-0.1936208723674276,annualnoflowdays
2292900,0.29871977240398295,0.13139276026477847,annualnoflowdays
2294491,0.15294117647058825,0.06925776446397224,annualnoflowdays
2297155,0,0.04563354266987691,annualnoflowdays
2298202,0.19153225806451613,0.12963464800631955,annualnoflowdays
2298760,0.16344086021505377,0.10232947396642937,annualnoflowdays
2298830,0.10526315789473684,0.08714531262654014,annualnoflowdays
2300100,0.06401137980085349,0.05060954608425904,annualnoflowdays
2301750,0.10160427807486631,0.07113871253429617,annualnoflowdays
2302500,0.08392603129445235,0.09719949357546498,annualnoflowdays
2303400,0.044096728307254626,0.07007719494185227,annualnoflowdays
2303420,-0.05263157894736842,0.041479489771895826,annualnoflowdays
2304500,0.42105263157894735,0.2066560831141979,annualnoflowdays
2306774,-0.10227272727272728,-0.042673289347707054,annualnoflowdays
2307359,0.005689900426742532,0.02518004711294962,annualnoflowdays
2309848,-0.2631578947368421,-0.06537695569232531,annualnoflowdays
2312200,0.2631578947368421,0.18026261995638423,annualnoflowdays
2312600,0.13445378151260504,0.16169601065300254,annualnoflowdays
2313230,0.31436699857752487,0.2072018811894418,annualnoflowdays
2318700,0.16500711237553342,0.14038807615430457,annualnoflowdays
2321500,0.24324324324324326,0.15922186964362267,annualnoflowdays
2357000,0.12857142857142856,0.12073922248393762,annualnoflowdays
2423130,0.16551724137931034,0.1347765313909796,annualnoflowdays
2462951,0.5159663865546219,0.24896977004994741,annualnoflowdays
3228300,-0.1471264367816092,-0.11332175401093313,annualnoflowdays
3237280,-0.04694167852062589,-0.039295612899721374,annualnoflowdays
3238500,-0.19959677419354838,-0.10907345623048853,annualnoflowdays
3282500,0.08571428571428572,-0.01185877315675941,annualnoflowdays
3320500,-0.14082503556187767,-0.08328421383016925,annualnoflowdays
3357350,0.001422475106685633,-0.03829341580247622,annualnoflowdays
3364500,0.04551920341394026,-0.03700645687569371,annualnoflowdays
3368000,0.09246088193456614,-0.026775094329896176,annualnoflowdays
3378000,0.04267425320056899,-0.07607377249439987,annualnoflowdays
3378550,-0.16927453769559034,-0.11463700248326361,annualnoflowdays
3378635,-0.2930298719772404,-0.16852280296127697,annualnoflowdays
3384450,-0.112375533428165,-0.0685577594482853,annualnoflowdays
4072150,-0.24876847290640394,-0.19837439089266878,annualnoflowdays
4185440,0.04032258064516129,-0.06584824473882409,annualnoflowdays
4199155,-0.15698924731182795,-0.10538674860140108,annualnoflowdays
5053000,-0.37980085348506404,-0.29533193949305764,annualnoflowdays
5054500,-0.08392603129445235,-0.1576684189534054,annualnoflowdays
5060500,-0.28165007112375534,-0.26372206838333206,annualnoflowdays
5061500,-0.27311522048364156,-0.25991137192044206,annualnoflowdays
5090000,-0.2702702702702703,-0.2592821433824478,annualnoflowdays
5116500,-0.14509246088193456,-0.19184623805040069,annualnoflowdays
5120500,-0.12802275960170698,-0.18478027969278973,annualnoflowdays
5123400,-0.24893314366998578,-0.2184954592889139,annualnoflowdays
5454000,-0.051209103840682786,-0.04720709711308092,annualnoflowdays
5502000,0.08392603129445235,-0.01308701261128259,annualnoflowdays
5507600,-0.001422475106685633,-0.03535371346495233,annualnoflowdays
5533400,0.058712121212121215,-0.021492117049340294,annualnoflowdays
5536255,-0.33001422475106684,-0.18387073470698603,annualnoflowdays
5540195,0.26666666666666666,0.051367769712465074,annualnoflowdays
5573540,-0.15555555555555556,-0.12596870851736025,annualnoflowdays
5576000,-0.15615615615615616,-0.10044967905128578,annualnoflowdays
5577500,-0.044096728307254626,-0.04491254716507201,annualnoflowdays
5590800,-0.310099573257468,-0.14136844261842857,annualnoflowdays
5591550,0.16073968705547653,0.001966958797883173,annualnoflowdays
5591700,0.05832147937411095,-0.015498389666569091,annualnoflowdays
5592900,-0.06401137980085349,-0.09651828977501226,annualnoflowdays
5593575,-0.22901849217638692,-0.1366873077564863,annualnoflowdays
5593900,-0.03698435277382646,-0.06086705094467145,annualnoflowdays
5595730,-0.1721194879089616,-0.1294656810576318,annualnoflowdays
5597500,-0.24893314366998578,-0.1586273048055996,annualnoflowdays
6108000,-0.025604551920341393,-0.053460345044773865,annualnoflowdays
6130500,0.011379800853485065,-0.05529889167817281,annualnoflowdays
6154400,-0.31152204836415365,-0.19845771533875115,annualnoflowdays
6317000,0.017069701280227598,-0.051882086240112694,annualnoflowdays
6324970,-0.30725462304409673,-0.19065362476168368,annualnoflowdays
6335500,-0.25177809388335703,-0.21506878381855876,annualnoflowdays
6337000,-0.2844950213371266,-0.22183678162039763,annualnoflowdays
6339100,-0.2759601706970128,-0.2043893667755094,annualnoflowdays
6344600,-0.07539118065433854,-0.14794595758479645,annualnoflowdays
6353000,-0.1111111111111111,-0.12835544938063384,annualnoflowdays
6354882,-0.21212121212121213,-0.16621314385563762,annualnoflowdays
6355500,-0.03840682788051209,-0.11692461591289546,annualnoflowdays
6359500,-0.10099573257467995,-0.12820175356683042,annualnoflowdays
6360500,-0.3003003003003003,-0.17800247391023122,annualnoflowdays
6400875,-0.02857142857142857,-0.05599220435962941,annualnoflowdays
6406500,-0.15172413793103448,-0.10434898277918893,annualnoflowdays
6407500,-0.04838709677419355,-0.08357337005294446,annualnoflowdays
6423010,-0.14022988505747128,-0.10433906254439443,annualnoflowdays
6425100,-0.15465465465465467,-0.1199617129284161,annualnoflowdays
6425500,-0.13940256045519203,-0.12024691907684557,annualnoflowdays
6426500,-0.3226890756302521,-0.21336680185037232,annualnoflowdays
6430800,-0.23448275862068965,-0.11369598271465874,annualnoflowdays
6440200,-0.041379310344827586,-0.042417056912027455,annualnoflowdays
6441500,-0.21621621621621623,-0.11972378640171284,annualnoflowdays
6445685,0.021505376344086023,-0.04521680810999628,annualnoflowdays
6446000,-0.044096728307254626,-0.06617426237671896,annualnoflowdays
6449000,-0.14509246088193456,-0.10611371581923633,annualnoflowdays
6453600,-0.029871977240398292,-0.06652942764593489,annualnoflowdays
6468250,-0.19507575757575757,-0.2073054695470362,annualnoflowdays
6469400,-0.2019914651493599,-0.19893284130447544,annualnoflowdays
6470800,-0.5263157894736842,-0.33121663462186135,annualnoflowdays
6470878,-0.24324324324324326,-0.23748247117326912,annualnoflowdays
6471000,-0.2361308677098151,-0.24260663017546638,annualnoflowdays
6471200,-0.3213213213213213,-0.26268482529729426,annualnoflowdays
6473000,-0.2716927453769559,-0.2529993576282407,annualnoflowdays
6475000,-0.26814516129032256,-0.23965855391392468,annualnoflowdays
6477000,-0.1593172119487909,-0.19924139033395272,annualnoflowdays
6478690,-0.2546230440967283,-0.19285228688420963,annualnoflowdays
6479438,-0.1721194879089616,-0.18451048503370854,annualnoflowdays
6479525,-0.13513513513513514,-0.17930421504328017,annualnoflowdays
6709530,-0.13012477718360071,0.016986802646274207,annualnoflowdays
6821500,0.631578947368421,0.3464735013994342,annualnoflowdays
6823500,0.3741109530583215,0.23170859108028313,annualnoflowdays
6827500,0.3812233285917496,0.24169619373697446,annualnoflowdays
6828500,0.17354196301564723,0.21672403290573608,annualnoflowdays
6835500,0.06970128022759602,0.07873641439927072,annualnoflowdays
6844500,0.09815078236130868,0.08853337102246475,annualnoflowdays
6844900,0.10804597701149425,0.052602506372173084,annualnoflowdays
6846500,0.39829302987197723,0.18482752668598637,annualnoflowdays
6847500,-0.1337126600284495,-0.04585631251584688,annualnoflowdays
6847900,-0.20768136557610242,-0.07903335454289327,annualnoflowdays
6848500,-0.17354196301564723,-0.08802462840359021,annualnoflowdays
6853800,0.06970128022759602,0.025751006779090306,annualnoflowdays
6860000,-0.06685633001422475,1.4305697741229592e-4,annualnoflowdays
6861000,-0.16642958748221906,-0.043698670303608626,annualnoflowdays
6862850,0.04804804804804805,0.003300348247339838,annualnoflowdays
6863500,0.3229018492176387,0.10451611064566875,annualnoflowdays
6866900,-0.18018018018018017,-0.08695130602953055,annualnoflowdays
6871500,-0.017069701280227598,-0.012725416531978994,annualnoflowdays
6873000,-0.10668563300142248,-0.05719775823002628,annualnoflowdays
6873460,0.06258890469416785,0.024082459455591183,annualnoflowdays
6879650,0.28733997155049784,0.15587352087533382,annualnoflowdays
6903400,0.10384068278805121,-0.006168619996578246,annualnoflowdays
6910800,0.07396870554765292,0.007449439888977867,annualnoflowdays
6911900,-0.15220483641536273,-0.05814973076215785,annualnoflowdays
6919500,0.03840682788051209,-0.015215063419785095,annualnoflowdays
6921200,-0.18349928876244664,-0.08367805515571947,annualnoflowdays
7103800,-0.21337126600284495,-0.0869577591879587,annualnoflowdays
7105945,0.15220483641536273,0.08742392080284027,annualnoflowdays
7124410,0.23044096728307253,0.17694560180007238,annualnoflowdays
7126300,0.15789473684210525,0.18955692212433242,annualnoflowdays
7141200,0.2233285917496444,0.0990447689694518,annualnoflowdays
7141780,-0.22759601706970128,-0.0785219234945539,annualnoflowdays
7141900,-0.19487908961593173,-0.06533928405514308,annualnoflowdays
7142300,0.29445234708392604,0.15985961363772014,annualnoflowdays
7144795,0.23333333333333334,0.12903923777946485,annualnoflowdays
7149000,0.12091038406827881,0.11354672664695961,annualnoflowdays
7157500,0.12660028449502134,0.08519443857919907,annualnoflowdays
7158000,-0.1806543385490754,-0.006706864371444046,annualnoflowdays
7165565,-0.5182795698924731,-0.20697276156287084,annualnoflowdays
7167500,-0.02275960170697013,-0.032550803440232284,annualnoflowdays
7169800,-0.07539118065433854,-0.05792886456654405,annualnoflowdays
7170700,-0.27927927927927926,-0.15093053632373832,annualnoflowdays
7172000,-0.1166429587482219,-0.04945629934526621,annualnoflowdays
7177650,0.0064516129032258064,-0.017774085068520993,annualnoflowdays
7184000,-0.14935988620199148,-0.11384249401499527,annualnoflowdays
7206000,0.032716927453769556,0.07583622130377068,annualnoflowdays
7207500,0.16927453769559034,0.16657781392964233,annualnoflowdays
7211500,0.32147937411095306,0.23404011869927094,annualnoflowdays
7221500,0.14935988620199148,0.2086521293192171,annualnoflowdays
7226500,0.017069701280227598,0.05725684969881427,annualnoflowdays
7227500,0.029871977240398292,0.07141077785372718,annualnoflowdays
7230500,-0.017069701280227598,0.03473455805602861,annualnoflowdays
7231000,-0.002844950213371266,0.03611429340868816,annualnoflowdays
7234000,0.24182076813655762,0.12230843837067888,annualnoflowdays
7249985,0.005689900426742532,0.02623042059921642,annualnoflowdays
7264000,0.267425320056899,0.13894194190849485,annualnoflowdays
7297910,0.025604551920341393,0.05146998927932685,annualnoflowdays
7300500,0.0953058321479374,0.09602097108084447,annualnoflowdays
7301500,-0.06543385490753911,0.038985415055327856,annualnoflowdays
7311500,0.14509246088193456,0.11779498217820208,annualnoflowdays
7311800,0.29445234708392604,0.2292038149099059,annualnoflowdays
7314500,0.16642958748221906,0.14702636580661285,annualnoflowdays
7314900,0.22759601706970128,0.16833827780214775,annualnoflowdays
7315200,0.3627311522048364,0.21304358433417117,annualnoflowdays
7315700,0.20910384068278806,0.1531351660939206,annualnoflowdays
7316500,-0.04836415362731152,0.04887847617038516,annualnoflowdays
7324200,0.12612612612612611,0.09342132497122352,annualnoflowdays
7335700,-0.002844950213371266,0.039507297871723,annualnoflowdays
7335790,0.08677098150782361,0.06413167470698465,annualnoflowdays
7336200,0.05405405405405406,0.059051830262020724,annualnoflowdays
7337900,0.015647226173541962,0.0636084950613421,annualnoflowdays
7342500,-0.21763869132290184,-0.08574633259363776,annualnoflowdays
7343000,0.021337126600284494,-0.02424387507698574,annualnoflowdays
7346045,0.08250355618776671,0.057920276820344466,annualnoflowdays
7346070,0.06401137980085349,0.03881596574739102,annualnoflowdays
7361500,0.22759601706970128,0.1488745258874443,annualnoflowdays
7362100,0.2147937411095306,0.14432721688586445,annualnoflowdays
7366200,0.25604551920341395,0.15749366447475602,annualnoflowdays
8017200,0.14366998577524892,-0.002245074004341874,annualnoflowdays
8017300,-0.5803698435277382,-0.22453522698075584,annualnoflowdays
8023080,-0.01991465149359886,-0.006927029147389138,annualnoflowdays
8023400,-0.30930930930930933,-0.11389923838662577,annualnoflowdays
8042800,0.12660028449502134,0.14783103184822266,annualnoflowdays
8044000,-0.09885057471264368,0.02681145355474231,annualnoflowdays
8049700,-0.37268847795163584,-0.1613308144628616,annualnoflowdays
8050400,0.16098484848484848,0.13858367605652858,annualnoflowdays
8050800,0.4337121212121212,0.18965533511747013,annualnoflowdays
8051500,0.12375533428165007,0.12246499293214401,annualnoflowdays
8052700,-0.37537537537537535,-0.1333124217232897,annualnoflowdays
8053500,0.18776671408250356,0.1163834421359194,annualnoflowdays
8058900,-0.053763440860215055,-0.02556382465169171,annualnoflowdays
8063100,-0.2332859174964438,-0.11211497511105872,annualnoflowdays
8063800,0.3584637268847795,0.07796346247798162,annualnoflowdays
8064100,-0.005042016806722689,-0.05027606884724907,annualnoflowdays
8064700,0.02844950213371266,0.027522703525950182,annualnoflowdays
8066200,0.17354196301564723,0.10434421593411188,annualnoflowdays
8068720,0.16216216216216217,0.06468431532280595,annualnoflowdays
8068780,0.03225806451612903,0.040099485970236236,annualnoflowdays
8071280,0.030303030303030304,0.010215496400175827,annualnoflowdays
8079600,-0.05832147937411095,0.02171367495720211,annualnoflowdays
8080500,-0.06116642958748222,0.029810735038385067,annualnoflowdays
8082500,0.04267425320056899,0.04485084993633293,annualnoflowdays
8082700,-0.02844950213371266,0.09352599208566893,annualnoflowdays
8083100,0.45519203413940257,0.2554263484157364,annualnoflowdays
8084000,0.1891891891891892,0.18043246019766648,annualnoflowdays
8084800,0.26458036984352773,0.18973795716132844,annualnoflowdays
8085500,0.1337126600284495,0.16491090327532065,annualnoflowdays
8086212,0.18776671408250356,0.17608586363944878,annualnoflowdays
8086290,0.2503556187766714,0.18035102745517617,annualnoflowdays
8091500,0.029871977240398292,0.030912549963938402,annualnoflowdays
8101000,-0.09672830725462304,-4.6707530444688476e-4,annualnoflowdays
8103900,0.12233285917496443,0.09454511155083443,annualnoflowdays
8109700,-0.4295874822190612,-0.15109297356333423,annualnoflowdays
8109800,-0.04267425320056899,-0.05453220525043599,annualnoflowdays
8110100,0.09957325746799431,0.03312907859376876,annualnoflowdays
8110325,0.19203413940256045,0.07130950033628213,annualnoflowdays
8121000,0.10241820768136557,0.06951940083337334,annualnoflowdays
8123800,0.45376955903271693,0.2607839275992819,annualnoflowdays
8126380,-0.041251778093883355,0.09611561533838539,annualnoflowdays
8127000,0.20625889046941678,0.1604916155185751,annualnoflowdays
8128400,0.5151515151515151,0.3284806612693225,annualnoflowdays
8136500,0.12233285917496443,0.17339983179576718,annualnoflowdays
8153500,0.09957325746799431,0.09226536246448344,annualnoflowdays
8154700,0.18492176386913228,0.0795120037071485,annualnoflowdays
8155200,-0.32386363636363635,-0.05229845517373966,annualnoflowdays
8156800,-0.13968253968253969,-0.04377899775307402,annualnoflowdays
8158600,0.07396870554765292,-0.00673149936168928,annualnoflowdays
8158810,0.06258890469416785,0.02568134904035551,annualnoflowdays
8159000,0.06116642958748222,0.01602081493840714,annualnoflowdays
8160800,0.20910384068278806,0.08432838371012104,annualnoflowdays
8164450,-0.08534850640113797,-0.013494615325050793,annualnoflowdays
8164600,0.22475106685633,0.10796623575116872,annualnoflowdays
8164800,0.032716927453769556,0.018935483754439257,annualnoflowdays
8171300,0.29445234708392604,0.16064403558347742,annualnoflowdays
8172400,-0.5035561877667141,-0.2219013715867508,annualnoflowdays
8178700,0.4134453781512605,0.201389639321849,annualnoflowdays
8178880,0.10158730158730159,0.11746524295742511,annualnoflowdays
8185000,-0.05405405405405406,0.053895637075326706,annualnoflowdays
8189500,0.1721194879089616,0.08705450547336813,annualnoflowdays
8189700,-0.1379800853485064,9.4267074411703e-5,annualnoflowdays
8190500,0.1251778093883357,0.12306499472767114,annualnoflowdays
8193000,0.13513513513513514,0.13620566384076105,annualnoflowdays
8194000,0.03698435277382646,0.11856869349983801,annualnoflowdays
8194500,0.13086770981507823,0.11296943176806118,annualnoflowdays
8197500,0.2460881934566145,0.18155519454318075,annualnoflowdays
8198000,0.17069701280227595,0.16235436590405322,annualnoflowdays
8198500,0.22190611664295876,0.17850705803212544,annualnoflowdays
8202700,0.032716927453769556,0.10398443034358805,annualnoflowdays
8205500,0.3003003003003003,0.20599887294327615,annualnoflowdays
8206600,0.3229018492176387,0.20718135114887756,annualnoflowdays
8208000,-0.15647226173541964,-0.019798440797004855,annualnoflowdays
8249000,0.2460881934566145,0.1417963217944021,annualnoflowdays
8317950,0.45519203413940257,0.31388842286023333,annualnoflowdays
8329000,0.17471264367816092,0.22953509822194587,annualnoflowdays
8332010,-0.25946969696969696,0.019465294180845426,annualnoflowdays
8334000,0.4039829302987198,0.309651062272914,annualnoflowdays
8353000,0.07357357357357357,0.13956362657930768,annualnoflowdays
8382500,0.19914651493598862,0.19966524760186785,annualnoflowdays
8386000,-0.01422475106685633,0.051675673088778205,annualnoflowdays
8387600,0.3096774193548387,0.20577881747435586,annualnoflowdays
8390500,0.2759601706970128,0.24817728139755665,annualnoflowdays
8390800,0.26884779516358465,0.24677664212344766,annualnoflowdays
8400000,-0.24751066856330015,-0.03332576835317699,annualnoflowdays
8401200,-0.06606606606606606,0.018919832809405276,annualnoflowdays
8401900,0.12091038406827881,0.08093725743032798,annualnoflowdays
8408500,-0.004267425320056899,0.07077383707872875,annualnoflowdays
9166950,0.2994652406417112,0.1947902577410315,annualnoflowdays
9224700,0.02702702702702703,0.019691642046178764,annualnoflowdays
9291000,-0.3399715504978663,-0.1511823026296895,annualnoflowdays
9328500,-0.015647226173541962,0.03457516952102478,annualnoflowdays
9333500,-0.14408602150537633,-0.010876991989561179,annualnoflowdays
9366500,0.21906116642958748,0.1571130562357557,annualnoflowdays
9371000,0.25889046941678523,0.20572386238028892,annualnoflowdays
9378630,0.25604551920341395,0.16807130356337008,annualnoflowdays
9379200,0.18349928876244664,0.17078542833807017,annualnoflowdays
9386900,0.49786628733997157,0.32601654108150896,annualnoflowdays
9386950,0.6586059743954481,0.41426737601520774,annualnoflowdays
9394500,0.5391180654338549,0.3511723663784849,annualnoflowdays
9423350,0.059743954480796585,0.11203246999876436,annualnoflowdays
9426620,0.12183908045977011,0.1858518640473006,annualnoflowdays
9430600,0.08392603129445235,0.1608160293086265,annualnoflowdays
9466500,0.06685633001422475,0.15955056024144443,annualnoflowdays
9468500,0.5263157894736842,0.35524046610087506,annualnoflowdays
9480000,0.3511586452762923,0.2974983441151266,annualnoflowdays
9485000,0.07526881720430108,0.20072597627468025,annualnoflowdays
9498503,0.12096774193548387,0.10619161875560591,annualnoflowdays
9505350,0.19772403982930298,0.18112206901119543,annualnoflowdays
9507980,0.1337126600284495,0.15103336388249802,annualnoflowdays
9508300,0.4779516358463727,0.29178127862781894,annualnoflowdays
9510200,0.4096728307254623,0.28886097481298817,annualnoflowdays
9512800,0.3357041251778094,0.283810720387879,annualnoflowdays
9513780,0.23470839260312945,0.24778857192119413,annualnoflowdays
9513860,0.07823613086770982,0.15936434115266918,annualnoflowdays
9517490,0.29411764705882354,0.21036956152057432,annualnoflowdays
9535100,-0.046031746031746035,0.07855912015983291,annualnoflowdays
9537200,0.5222222222222223,0.35185665261255633,annualnoflowdays
10256500,-0.3029871977240398,-0.061877123213426165,annualnoflowdays
10257550,-0.16755793226381463,0.04108653780825291,annualnoflowdays
10257600,0.04694167852062589,0.11284670851756302,annualnoflowdays
10257720,0.3870967741935484,0.2288939935198819,annualnoflowdays
10258500,0.2532005689900427,0.24902868033251724,annualnoflowdays
10259200,0.4423897581792319,0.2718804581051023,annualnoflowdays
10260950,-0.015647226173541962,0.04188969387831548,annualnoflowdays
10287770,-0.33763440860215055,-0.17882461375598566,annualnoflowdays
10311300,0.29590017825311943,0.21619936261412503,annualnoflowdays
10311400,0.19786096256684493,0.1552868409558096,annualnoflowdays
10324500,0.32147937411095306,0.18118745630101607,annualnoflowdays
10336676,0.17069701280227595,0.08296642804095831,annualnoflowdays
10337500,0.10099573257467995,0.045676862128549475,annualnoflowdays
10344500,0.029871977240398292,0.029154360709880835,annualnoflowdays
10349300,0.26600284495021337,0.17459704678798343,annualnoflowdays
10352500,-0.025604551920341393,0.06494934566208588,annualnoflowdays
11014000,0.36174242424242425,0.2996112659848798,annualnoflowdays
11015000,0.2887624466571835,0.18957933086524434,annualnoflowdays
11028500,0.5291607396870555,0.3477421290955198,annualnoflowdays
11042000,0.47368421052631576,0.31679588899164735,annualnoflowdays
11042400,0.32147937411095306,0.2830485010476944,annualnoflowdays
11042631,0.32688172043010755,0.27665062495093656,annualnoflowdays
11042800,-0.14193548387096774,0.044050399591032255,annualnoflowdays
11042900,0.16774193548387098,0.15830966265199609,annualnoflowdays
11043000,0.3413940256045519,0.2016159313596673,annualnoflowdays
11046000,0.0380952380952381,0.14941115314221412,annualnoflowdays
11046530,0.20833333333333334,0.22118975264892873,annualnoflowdays
11051500,-0.19914651493598862,-0.006755495707952619,annualnoflowdays
11055500,-0.26458036984352773,-0.08211086780138699,annualnoflowdays
11057500,-0.3840682788051209,-0.025383079512397187,annualnoflowdays
11059300,0.4182076813655761,0.20938908412591328,annualnoflowdays
11062000,0.04267425320056899,0.024599739586334806,annualnoflowdays
11063680,-0.5561877667140825,-0.1854767957552622,annualnoflowdays
11065000,0.19630156472261737,0.09602535525536562,annualnoflowdays
11075720,0.21906116642958748,0.20902204137604305,annualnoflowdays
11075800,0.1337126600284495,0.18410024205907077,annualnoflowdays
11077500,0.2759601706970128,0.26127575143970955,annualnoflowdays
11078000,0.39829302987197723,0.25829824679407026,annualnoflowdays
11085000,0.14935988620199148,0.10817022487312415,annualnoflowdays
11087020,0.16642958748221906,0.15050077065645281,annualnoflowdays
11088500,0.20768136557610242,0.216967598315181,annualnoflowdays
11097000,0.22759601706970128,0.18103486724318446,annualnoflowdays
11102300,0.561877667140825,0.33790746552043477,annualnoflowdays
11109600,0.34708392603129445,0.24114407951631614,annualnoflowdays
11118500,-0.09246088193456614,0.04787558124455214,annualnoflowdays
11119500,0.22190611664295876,0.1794110903268201,annualnoflowdays
11119750,0.3442389758179232,0.1976456369804949,annualnoflowdays
11120500,0.02844950213371266,0.10194442548674842,annualnoflowdays
11123000,0.18634423897581792,0.11948501097432185,annualnoflowdays
11124500,0.08250355618776671,0.09052181853120542,annualnoflowdays
11128250,0.18716577540106952,0.15751427726755654,annualnoflowdays
11133000,0.051209103840682786,0.09164997300627285,annualnoflowdays
11136800,0.45376955903271693,0.30184075036078883,annualnoflowdays
11140000,0.12944523470839261,0.13331852291022425,annualnoflowdays
11141050,-0.5092436974789916,-0.14438432171634616,annualnoflowdays
11143250,-0.06827880512091039,0.0300054321093435,annualnoflowdays
11147500,-0.08392603129445235,0.02933195413885417,annualnoflowdays
11148900,0.14366998577524892,0.1304187409293271,annualnoflowdays
11151300,0.465149359886202,0.32661499382145576,annualnoflowdays
11151700,0.23025210084033612,0.22225493897747786,annualnoflowdays
11152000,0.1379800853485064,0.11241796159532345,annualnoflowdays
11152300,0.22475106685633,0.23774283556168202,annualnoflowdays
11158600,0.3541963015647226,0.28316566945585653,annualnoflowdays
11162570,0.01935483870967742,0.024174790863164278,annualnoflowdays
11162630,-0.3812233285917496,-0.16305457314311023,annualnoflowdays
11164500,0.07254623044096728,0.06776251959953714,annualnoflowdays
11176400,0.21906116642958748,0.15737398411154216,annualnoflowdays
11180500,0.11095305832147938,0.03144360949863592,annualnoflowdays
11180700,-0.5234708392603129,-0.14086878795490387,annualnoflowdays
11182500,0.04694167852062589,0.014013293487266754,annualnoflowdays
11200800,0.2019914651493599,0.12216011710377259,annualnoflowdays
11238600,0.1051693404634581,0.046372564006426184,annualnoflowdays
11246500,-0.21906116642958748,-0.051320766289240496,annualnoflowdays
11253310,0.2930298719772404,0.2614753519679145,annualnoflowdays
11269700,-0.04551920341394026,0.03024214197627779,annualnoflowdays
11274500,0.1678520625889047,0.17724780472123491,annualnoflowdays
11274630,0.15220483641536273,0.20046995180238944,annualnoflowdays
11284400,0.10526315789473684,0.08821731335463313,annualnoflowdays
11335000,-0.01422475106685633,0.030701363254042494,annualnoflowdays
11379500,0.15362731152204837,0.11870689019372854,annualnoflowdays
11403800,0.22759601706970128,0.11245951957551224,annualnoflowdays
11451100,0.14793741109530584,0.10878293084930361,annualnoflowdays
11452500,0.2958748221906117,0.1727663112674803,annualnoflowdays
11456000,0.5757575757575758,0.2738819221291432,annualnoflowdays
11459500,-0.07254623044096728,-0.02482621876544534,annualnoflowdays
11480390,0.21906116642958748,0.09573028430034672,annualnoflowdays
12115700,0.1253968253968254,0.006272104732288487,annualnoflowdays
13055340,0.06507936507936508,0.003284134299681255,annualnoflowdays
13058000,0.07575757575757576,0.044914871138927726,annualnoflowdays
13112000,0.3684210526315789,0.17533029179671494,annualnoflowdays
13132500,0.267425320056899,0.17556531721454632,annualnoflowdays
13132520,0.10695187165775401,0.15025633001162095,annualnoflowdays
13132535,0.13368983957219252,0.14668029408746827,annualnoflowdays
13152500,0.3385490753911807,0.16980609443001363,annualnoflowdays
13215000,0.1831831831831832,0.13076965745733088,annualnoflowdays
13217500,0.12944523470839261,0.12382272174660999,annualnoflowdays
14015000,-0.5220483641536273,-0.2622515063924373,annualnoflowdays
14362250,0.15798319327731092,0.06458751812628778,annualnoflowdays
208111310,0.060215053763440864,0.02874038599412993,annualnoflowdays
5588000,-0.2532005689900427,-0.08931591311214473,annualnoflowdays
2306500,0.2631578947368421,-0.014287976335682427,annualnoflowdays
1109070,0.09815078236130868,-0.10862848598907607,annualnoflowdays
2303350,-0.07681365576102418,0.06856607531814238,annualnoflowdays
2311500,0.12100840336134454,0.10486704237803161,annualnoflowdays
2134480,0.08143939393939394,0.07409796324016046,annualnoflowdays
8065800,-0.17069701280227595,0.04025772404884958,annualnoflowdays
3380500,-0.13513513513513514,-0.11536881420503109,annualnoflowdays
2462500,0.5159663865546219,0.2123602635733704,annualnoflowdays
2263869,0.08571428571428572,0.04836296104418402,annualnoflowdays
3303300,-0.06970128022759602,-0.10254861637323529,annualnoflowdays
7247500,-0.04836415362731152,0.07640145781396747,annualnoflowdays
1401650,-0.07396870554765292,-0.11866919652401804,annualnoflowdays
7077380,0.41251778093883357,-0.044554031252840326,annualnoflowdays
2303800,-0.025604551920341393,0.07517791483816577,annualnoflowdays
7261500,0.23697478991596638,0.09133459957411709,annualnoflowdays
8110430,0.18492176386913228,0.01291326426645337,annualnoflowdays
2312500,0.13229018492176386,0.1511234527333869,annualnoflowdays
2310947,0.034139402560455195,0.0985557512834244,annualnoflowdays
7075300,-0.13068181818181818,-0.01764760038265959,annualnoflowdays
3291780,-0.044096728307254626,-0.0656866266183194,annualnoflowdays
7261000,-0.021337126600284494,0.05087547227530037,annualnoflowdays
2125000,0.210752688172043,0.11905370990419345,annualnoflowdays
2228500,0.14414414414414414,0.10744296252071192,annualnoflowdays
7351500,0.031746031746031744,0.07264835295147572,annualnoflowdays
8176900,0.3186344238975818,0.0596930882129625,annualnoflowdays
5592575,-0.18850574712643678,-0.102796440303679,annualnoflowdays
11060400,0.30014224751066854,0.141424837114901,annualnoflowdays
11128500,-0.22522522522522523,0.10464502373770695,annualnoflowdays
11120000,-0.24466571834992887,0.08108554604622141,annualnoflowdays
11458000,0.5078236130867709,0.1270494487625959,annualnoflowdays
11070500,0.30440967283072545,0.16087777699303418,annualnoflowdays
11152500,0.31436699857752487,0.2349408284519744,annualnoflowdays
11152600,-0.17815126050420169,0.0189657935725608,annualnoflowdays
11025500,0.5263157894736842,0.22065839654558014,annualnoflowdays
11159200,-0.01422475106685633,0.04561490481774877,annualnoflowdays
11119940,0.2574679943100996,0.12212256356415614,annualnoflowdays
11149900,0.13229018492176386,0.1655014666266378,annualnoflowdays
11123500,0.15015015015015015,0.10434814733990239,annualnoflowdays
11166000,0.1251778093883357,0.0464092131910323,annualnoflowdays
11069500,0.12834224598930483,0.13326160267874607,annualnoflowdays
11224500,0.24893314366998578,0.238908475123871,annualnoflowdays
10258000,0.33428165007112376,0.04488020269392365,annualnoflowdays
11180960,0.03556187766714083,-0.0059826497044859275,annualnoflowdays
11299600,0.1546218487394958,0.09319839874195422,annualnoflowdays
6395000,-0.14793741109530584,-0.07630599429814441,annualnoflowdays
6177500,-0.22459893048128343,-0.12610699902406727,annualnoflowdays
5050000,-0.2844950213371266,-0.236616392486228,annualnoflowdays
5066500,-0.14509246088193456,-0.2694970170843135,annualnoflowdays
6400000,-0.12091038406827881,-0.06620052915131641,annualnoflowdays
6476000,-0.31721194879089615,-0.22385646842442064,annualnoflowdays
5085000,-0.16073968705547653,-0.2610101875677811,annualnoflowdays
5076000,-0.21621621621621623,-0.195784215893068,annualnoflowdays
6447000,-0.17069701280227595,-0.08640085495960703,annualnoflowdays
6477500,-0.16927453769559034,-0.13228258360768172,annualnoflowdays
6332515,-0.2603129445234708,-0.16168954455871762,annualnoflowdays
6468170,-0.25177809388335703,-0.2057595004902415,annualnoflowdays
7227100,0.37695590327169276,0.07490990453187014,annualnoflowdays
8143600,-0.06543385490753911,0.13705505566424003,annualnoflowdays
7303000,-0.13513513513513514,0.06219657282317949,annualnoflowdays
8382830,0.3968705547652916,0.22241379188205504,annualnoflowdays
7140850,0.009009009009009009,0.03238230461329112,annualnoflowdays
8124000,0.16500711237553342,0.12980922000129597,annualnoflowdays
8189200,0.11379800853485064,0.0817676868959267,annualnoflowdays
7155590,0.39215686274509803,0.09429887343415977,annualnoflowdays
6862700,0.2233285917496444,0.00929535756919335,annualnoflowdays
7116500,0.04804804804804805,0.12707320833357885,annualnoflowdays
8155300,0.025604551920341393,0.0021835786799269093,annualnoflowdays
7154500,0.28165007112375534,0.14225815462708624,annualnoflowdays
8382600,0.36415362731152207,0.24047720857327706,annualnoflowdays
7165562,-0.4666666666666667,-0.11581388908111245,annualnoflowdays
7238000,-0.08108108108108109,0.06753845562253838,annualnoflowdays
6893080,-0.22901849217638692,-0.06068075051993257,annualnoflowdays
7157950,-0.2661290322580645,0.04408356178269904,annualnoflowdays
6871000,-0.2119487908961593,-0.009436633756444863,annualnoflowdays
8082000,0.15362731152204837,0.054397835021576815,annualnoflowdays
8134000,0.4395448079658606,0.2391654862900966,annualnoflowdays
8123850,0.2887624466571835,0.14227535937060454,annualnoflowdays
8152000,0.1051693404634581,0.10473854852482524,annualnoflowdays
8181400,-0.004267425320056899,0.10789997019159794,annualnoflowdays
8201500,0.24182076813655762,0.13060724232666104,annualnoflowdays
8152900,0.10252100840336134,0.11969159655799512,annualnoflowdays
8200000,0.13229018492176386,0.12486600217373961,annualnoflowdays
8158700,0.20483641536273114,0.04270008806739025,annualnoflowdays
8194200,0.10099573257467995,0.08802603679830089,annualnoflowdays
8150800,-0.029871977240398292,0.1403657583611867,annualnoflowdays
8164300,0.24182076813655762,0.030315190520316466,annualnoflowdays
6917000,-0.05832147937411095,-0.06295559107854173,annualnoflowdays
5503800,-0.08534850640113797,-0.04264515823025901,annualnoflowdays
10333000,0.17069701280227595,0.14537556894947748,annualnoflowdays
9401260,0.15362731152204837,0.15924186325346473,annualnoflowdays
13174500,0.19772403982930298,0.08283669783170622,annualnoflowdays
12513000,-0.584873949579832,-0.02015825623304696,annualnoflowdays
10312000,-0.03556187766714083,0.14243207639191297,annualnoflowdays
9367500,0.33633633633633636,0.17040937457889166,annualnoflowdays
9424900,0.4793650793650794,0.220897830087078,annualnoflowdays
9484000,0.10984848484848485,0.20714766646009053,annualnoflowdays
8247500,-0.029871977240398292,0.13970887859849382,annualnoflowdays
11461000,0.2361308677098151,0.1558852201335654,annualnoflowdays
9499000,0.4850640113798009,0.20612527694977714,annualnoflowdays
10287300,0.23387096774193547,-0.1206741257747005,annualnoflowdays
9386030,0.6571834992887624,0.25735906013526477,annualnoflowdays
11493500,0.46825396825396826,-0.011302437800154644,annualnoflowdays
11216400,-0.41935483870967744,0.03962881227555433,annualnoflowdays
8398500,0.14366998577524892,0.17576787801157978,annualnoflowdays
9510000,-0.14793741109530584,0.18294766736117093,annualnoflowdays
9378170,0.5965909090909091,0.1498705122559676,annualnoflowdays
9512280,0.5732574679943101,0.25187420080968936,annualnoflowdays
6404000,-0.13940256045519203,-0.08656767135627136,annualnoflowdays
1311500,0.4850574712643678,0.1418145406777329,zeroflowfirst
1378500,0.1111111111111111,0.0661742605520994,zeroflowfirst
1379530,0.0380952380952381,0.029049570775990446,zeroflowfirst
1407500,0.036231884057971016,0.05679939625992965,zeroflowfirst
1653600,0.11076923076923077,0.08824022923425187,zeroflowfirst
1660920,0.19367588932806323,0.09560662949190626,zeroflowfirst
1661050,0.09166666666666666,0.08384196087479424,zeroflowfirst
2047500,0.19202898550724637,0.07032838623371479,zeroflowfirst
2077200,-0.1341991341991342,-0.038379790834351626,zeroflowfirst
2084160,0.042105263157894736,-0.04140432276072367,zeroflowfirst
2084557,-0.1422924901185771,-0.05824682362612307,zeroflowfirst
2096846,-0.023715415019762844,-0.05769352677479111,zeroflowfirst
2097464,-0.25,-0.09001212940767966,zeroflowfirst
2176500,-0.3233333333333333,-0.159245716220884,zeroflowfirst
2212600,0.06666666666666667,-0.060557731739148316,zeroflowfirst
2216180,-0.008912655971479501,-0.0806167679378502,zeroflowfirst
2231342,-0.13277310924369748,-0.15414308049651387,zeroflowfirst
2231600,-0.19076923076923077,-0.1543234144682135,zeroflowfirst
2232200,-0.10582010582010581,-0.12377242339336697,zeroflowfirst
2236500,-0.16923076923076924,-0.16425040704511576,zeroflowfirst
2236900,-0.32666666666666666,-0.17948349694019472,zeroflowfirst
2237293,-0.17094017094017094,-0.16149676759638118,zeroflowfirst
2256500,-0.1476923076923077,-0.15164666979138844,zeroflowfirst
2264000,0.014245014245014245,-0.11931689331923426,zeroflowfirst
2266200,0.08831908831908832,-0.12388494325533292,zeroflowfirst
2266205,-0.4676923076923077,-0.18268318443463982,zeroflowfirst
2266500,-0.12727272727272726,-0.15020115116366042,zeroflowfirst
2291580,0.1724137931034483,-0.01883699911956741,zeroflowfirst
2292900,-0.11,-0.10712711191557994,zeroflowfirst
2294491,-0.20454545454545456,-0.15050554974201705,zeroflowfirst
2297155,-0.45714285714285713,-0.19798608824754757,zeroflowfirst
2298202,-0.2,-0.15474798875117446,zeroflowfirst
2298760,-0.1523809523809524,-0.14636438970249946,zeroflowfirst
2300100,-0.08791208791208792,-0.113478277007993,zeroflowfirst
2301750,0.16996047430830039,-0.006575175865470281,zeroflowfirst
2302500,-0.15384615384615385,-0.16988015797973352,zeroflowfirst
2303400,-0.09090909090909091,-0.11276523405850039,zeroflowfirst
2303420,0.005681818181818182,-0.0914076155281875,zeroflowfirst
2304500,-0.2015810276679842,-0.1371628986167276,zeroflowfirst
2307359,-0.0960960960960961,-0.08570090819341354,zeroflowfirst
2309848,-0.03698435277382646,-0.07509424928155321,zeroflowfirst
2312200,-0.12857142857142856,-0.13236338207786366,zeroflowfirst
2318700,-0.18181818181818182,-0.15130548730609591,zeroflowfirst
2321500,-0.26666666666666666,-0.14194881735545573,zeroflowfirst
2423130,-0.20952380952380953,-0.1081599348428727,zeroflowfirst
2462951,-0.3251231527093596,-0.12878812741004927,zeroflowfirst
3228300,-0.1523809523809524,-0.01484894250751452,zeroflowfirst
3237280,0.10344827586206896,0.014375731976845128,zeroflowfirst
3238500,-0.24183006535947713,-0.03226808978407308,zeroflowfirst
3320500,0.21978021978021978,0.04930784997489002,zeroflowfirst
3357350,0.05161290322580645,0.032627897109731074,zeroflowfirst
3364500,-0.12380952380952381,-0.0011195440372083444,zeroflowfirst
3368000,-0.11612903225806452,-0.02405381356774721,zeroflowfirst
3378000,-0.05846153846153846,0.05769352791834191,zeroflowfirst
3378550,0.15441176470588236,0.08256869551625809,zeroflowfirst
3378635,0.13333333333333333,0.08183321648793353,zeroflowfirst
3384450,0.03985507246376811,0.02298867798021287,zeroflowfirst
4072150,0.26666666666666666,0.15170129103049704,zeroflowfirst
4185440,-0.1038961038961039,0.013365280820751441,zeroflowfirst
4199155,0.16883116883116883,0.05507831807268082,zeroflowfirst
5053000,0.32967032967032966,0.2148266710015778,zeroflowfirst
5054500,0.07692307692307693,0.11813750628975049,zeroflowfirst
5060500,0.38746438746438744,0.20923687976930658,zeroflowfirst
5090000,0.44166666666666665,0.21703484213051208,zeroflowfirst
5116500,0.23076923076923078,0.17926983675450597,zeroflowfirst
5120500,-0.08571428571428572,0.10779824450417667,zeroflowfirst
5123400,0.2803030303030303,0.193935873911748,zeroflowfirst
5454000,0.2545454545454545,0.08191603072050505,zeroflowfirst
5502000,-0.06666666666666667,0.014003447656676547,zeroflowfirst
5507600,0.09401709401709402,0.05514642000450171,zeroflowfirst
5533400,0.1830065359477124,0.07436120075641173,zeroflowfirst
5536255,0.34558823529411764,0.1149543934973161,zeroflowfirst
5540195,0.021538461538461538,0.05544805828125459,zeroflowfirst
5573540,-0.24444444444444444,0.0026530102801437614,zeroflowfirst
5577500,-0.04843304843304843,0.010977907556657516,zeroflowfirst
5590800,0.175,0.033166176990327534,zeroflowfirst
5591550,-0.027692307692307693,0.01295510574838329,zeroflowfirst
5591700,-0.2028985507246377,-0.016727616467363274,zeroflowfirst
5592900,0.027692307692307693,0.0677932436194577,zeroflowfirst
5593575,0.1619047619047619,0.09794067108545347,zeroflowfirst
5593900,0.02631578947368421,0.038693901422662956,zeroflowfirst
5595730,0.25806451612903225,0.11369687601794237,zeroflowfirst
5597500,0.36088709677419356,0.11774354047686036,zeroflowfirst
6130500,-0.25757575757575757,-0.0930822168066806,zeroflowfirst
6154400,0.1431451612903226,0.010792925978057638,zeroflowfirst
6317000,0.08888888888888889,-0.037319567227819456,zeroflowfirst
6324970,0.07602339181286549,-0.012650449485707675,zeroflowfirst
6335500,-0.24444444444444444,-0.08561889441143053,zeroflowfirst
6337000,-0.23636363636363636,-0.08222218759673136,zeroflowfirst
6339100,0.0196078431372549,0.009981040599946195,zeroflowfirst
6344600,0.014285714285714285,0.04028142243104626,zeroflowfirst
6353000,0.058823529411764705,0.03928840112188374,zeroflowfirst
6354882,-0.10153846153846154,0.002696121865975995,zeroflowfirst
6355500,0.06190476190476191,0.017349408226977756,zeroflowfirst
6359500,-0.18095238095238095,-0.0619856797762523,zeroflowfirst
6360500,0.15584415584415584,0.018072998446206547,zeroflowfirst
6400875,-0.08571428571428572,-0.04060207716178742,zeroflowfirst
6423010,0.022792022792022793,-0.01449335706340113,zeroflowfirst
6425100,0.09090909090909091,0.012910330281413912,zeroflowfirst
6425500,-0.045584045584045586,-0.01955545805316637,zeroflowfirst
6426500,-0.02564102564102564,-0.03491011330588037,zeroflowfirst
6430800,-0.2878787878787879,-0.09335106675838206,zeroflowfirst
6440200,0.06666666666666667,0.012094726030599851,zeroflowfirst
6441500,0.17989417989417988,0.021447677184209982,zeroflowfirst
6446000,-0.3076923076923077,-0.08800963743594575,zeroflowfirst
6449000,0.07692307692307693,0.015920603411047587,zeroflowfirst
6468250,0.13333333333333333,0.1665872967497776,zeroflowfirst
6469400,0.3157894736842105,0.17309510285266305,zeroflowfirst
6470800,0.5036231884057971,0.2208684713277576,zeroflowfirst
6470878,-0.26666666666666666,0.0957881838753741,zeroflowfirst
6471000,0.15789473684210525,0.13869568416943184,zeroflowfirst
6471200,0.2619047619047619,0.16129708664443707,zeroflowfirst
6478690,0.08888888888888889,0.09546302355205516,zeroflowfirst
6479438,0.18181818181818182,0.15349514443380685,zeroflowfirst
6709530,0.15714285714285714,-0.03569153904696502,zeroflowfirst
6821500,-0.3630769230769231,-0.15460008673532935,zeroflowfirst
6823500,-0.11764705882352941,-0.10175918336979782,zeroflowfirst
6827500,-0.3484848484848485,-0.15058473027723462,zeroflowfirst
6828500,0.07459677419354839,-0.0855873882481758,zeroflowfirst
6844500,-0.3111111111111111,-0.11387618977317304,zeroflowfirst
6844900,-0.20935960591133004,-0.0671140263136163,zeroflowfirst
6846500,-0.08108108108108109,-0.06314709332167595,zeroflowfirst
6847500,-0.008547008547008548,-0.029657171099660092,zeroflowfirst
6847900,0.3476923076923077,0.040826123563270894,zeroflowfirst
6848500,0.16091954022988506,0.023270804683187964,zeroflowfirst
6853800,0.022222222222222223,0.003468857318774485,zeroflowfirst
6860000,-0.03598484848484849,-0.0389737665571608,zeroflowfirst
6861000,0.26153846153846155,-0.013155758426461713,zeroflowfirst
6862850,-0.09885057471264368,-0.05372146818725721,zeroflowfirst
6863500,-0.7090909090909091,-0.21358331063168673,zeroflowfirst
6866900,-0.036231884057971016,-0.03916267404674283,zeroflowfirst
6871500,0.23636363636363636,0.015153814989321208,zeroflowfirst
6873000,-0.22826086956521738,-0.08709253317326296,zeroflowfirst
6879650,-0.15915915915915915,-0.09889179151828575,zeroflowfirst
6903400,0.02564102564102564,0.0628512447293946,zeroflowfirst
6910800,0.2571428571428571,0.06284961559316407,zeroflowfirst
6911900,0.13405797101449277,0.05027653568195415,zeroflowfirst
6921200,0.14705882352941177,0.0656813390999463,zeroflowfirst
7105945,-0.1523809523809524,-0.0972285792236315,zeroflowfirst
7124410,-0.06050420168067227,-0.09924283055893687,zeroflowfirst
7141200,-0.19523809523809524,-0.09642234064588008,zeroflowfirst
7141780,0.18478260869565216,-0.02035130560107552,zeroflowfirst
7141900,0.037037037037037035,-0.024116742570538342,zeroflowfirst
7142300,-0.1503267973856209,-0.10234937315061476,zeroflowfirst
7144795,-0.1523809523809524,-0.09144392879147485,zeroflowfirst
7158000,-0.09538461538461539,-0.09895489086042725,zeroflowfirst
7165565,0.18333333333333332,-0.012349038064829078,zeroflowfirst
7169800,0.06666666666666667,-0.009272271333290566,zeroflowfirst
7170700,0.1431451612903226,0.05924497434507891,zeroflowfirst
7172000,-0.25,-0.07088436797789123,zeroflowfirst
7177650,-0.12258064516129032,-0.09117026079841485,zeroflowfirst
7184000,0.06,0.06372318319996716,zeroflowfirst
7206000,0.13186813186813187,-0.03246884889176588,zeroflowfirst
7207500,-0.07575757575757576,-0.11139486400192486,zeroflowfirst
7211500,-0.2571428571428571,-0.1926041468682561,zeroflowfirst
7221500,-0.17777777777777778,-0.17057789929010506,zeroflowfirst
7226500,-0.02418207681365576,-0.07559293745626412,zeroflowfirst
7227500,0.08088235294117647,-0.05646480203519318,zeroflowfirst
7234000,-0.2160919540229885,-0.09440422265362665,zeroflowfirst
7249985,0.05454545454545454,-0.023107229764620527,zeroflowfirst
7264000,-0.24285714285714285,-0.10198573174956384,zeroflowfirst
7297910,0.3438735177865613,0.025474704828057103,zeroflowfirst
7300500,-0.24923076923076923,-0.14529157759942146,zeroflowfirst
7301500,-0.06493506493506493,-0.12226048090922208,zeroflowfirst
7311500,-0.26666666666666666,-0.15087775601637038,zeroflowfirst
7311800,-0.3951612903225806,-0.20248793731165785,zeroflowfirst
7314500,-0.11948790896159317,-0.14023595684433907,zeroflowfirst
7314900,-0.1507823613086771,-0.14576185958145138,zeroflowfirst
7315200,-0.21052631578947367,-0.1589100831265746,zeroflowfirst
7315700,-0.4426877470355731,-0.19950531770575183,zeroflowfirst
7316500,-0.18333333333333332,-0.14022905108688213,zeroflowfirst
7335700,-0.17701149425287357,-0.10563836307489413,zeroflowfirst
7342500,0,-0.037664317339143535,zeroflowfirst
7343000,-0.0960591133004926,-0.07250549601571517,zeroflowfirst
7346045,-0.14855072463768115,-0.08907373786286527,zeroflowfirst
7346070,-0.05714285714285714,-0.05466544450398888,zeroflowfirst
7361500,0.006535947712418301,-0.08385781489101699,zeroflowfirst
7366200,-0.3939393939393939,-0.1695359150510255,zeroflowfirst
8017200,-0.16666666666666666,-0.062288037096562825,zeroflowfirst
8017300,0.4369230769230769,0.03463037569589875,zeroflowfirst
8023080,-0.06507936507936508,-0.06189289075170092,zeroflowfirst
8023400,0.007936507936507936,-0.04541464181020216,zeroflowfirst
8042800,-0.017069701280227598,-0.1301315820785314,zeroflowfirst
8044000,-0.36666666666666664,-0.1775582489559005,zeroflowfirst
8049700,0.17234848484848486,-0.016522216068148278,zeroflowfirst
8050400,-0.05128205128205128,-0.10958876040913404,zeroflowfirst
8050800,-0.4696969696969697,-0.18486435806196744,zeroflowfirst
8051500,-0.21428571428571427,-0.14361064248997493,zeroflowfirst
8052700,0.0427807486631016,-0.06420089353323674,zeroflowfirst
8053500,-0.07076923076923076,-0.11154153137712526,zeroflowfirst
8058900,-0.005291005291005291,-0.07020814386517976,zeroflowfirst
8063100,0.029556650246305417,-0.05007475895263535,zeroflowfirst
8063800,-0.05303030303030303,-0.050645923325119475,zeroflowfirst
8064100,-0.11052631578947368,-0.058852439270512105,zeroflowfirst
8064700,0.045454545454545456,-0.02758820489415904,zeroflowfirst
8068720,0.05832147937411095,-0.012739237929904328,zeroflowfirst
8068780,0.1067193675889328,-0.0057578919058612335,zeroflowfirst
8071280,-0.08333333333333333,-0.05665308342584157,zeroflowfirst
8079600,0.08534850640113797,-0.06485549220991807,zeroflowfirst
8080500,0.05138339920948617,-0.05113530434479472,zeroflowfirst
8082500,-0.3684210526315789,-0.16206432157966094,zeroflowfirst
8082700,-0.02844950213371266,-0.12414350534595271,zeroflowfirst
8083100,0.01904761904761905,-0.11183960487881704,zeroflowfirst
8084000,-0.26666666666666666,-0.172030557160208,zeroflowfirst
8084800,-0.21428571428571427,-0.1402341686721734,zeroflowfirst
8085500,-0.12380952380952381,-0.15981886920368657,zeroflowfirst
8086212,-0.22521008403361345,-0.15286240797137332,zeroflowfirst
8086290,-0.05555555555555555,-0.11547575084962586,zeroflowfirst
8091500,-0.0718954248366013,-0.10175323731923608,zeroflowfirst
8101000,0.07602339181286549,-0.07687740887365516,zeroflowfirst
8103900,-0.15615615615615616,-0.12693409362182095,zeroflowfirst
8109700,0.213768115942029,-0.007516446633745248,zeroflowfirst
8109800,-0.17142857142857143,-0.07731600751700418,zeroflowfirst
8110100,-0.23387096774193547,-0.07514422753002115,zeroflowfirst
8110325,-0.23333333333333334,-0.10053166186015458,zeroflowfirst
8121000,-0.0907258064516129,-0.1364514237017496,zeroflowfirst
8123800,-0.3632183908045977,-0.22636544367883749,zeroflowfirst
8126380,-0.22727272727272727,-0.1807360252236832,zeroflowfirst
8127000,-0.17540322580645162,-0.1558026021653116,zeroflowfirst
8128400,-0.5925925925925926,-0.2792435764455972,zeroflowfirst
8136500,-0.09881422924901186,-0.14399526463979165,zeroflowfirst
8154700,-0.10952380952380952,-0.081843506585987,zeroflowfirst
8155200,-0.2679738562091503,-0.1319341169984102,zeroflowfirst
8156800,0.044444444444444446,-0.03914176516753541,zeroflowfirst
8158600,0.19166666666666668,-0.010758637757577428,zeroflowfirst
8158810,-0.11182795698924732,-0.12406027361016203,zeroflowfirst
8159000,-0.09247311827956989,-0.09626576572796139,zeroflowfirst
8160800,0.029239766081871343,-0.033347751925081937,zeroflowfirst
8164450,0.17849462365591398,-0.018847601174861683,zeroflowfirst
8164600,-0.3476190476190476,-0.14555914847275805,zeroflowfirst
8164800,-0.2391304347826087,-0.14144041548616285,zeroflowfirst
8171300,-0.13333333333333333,-0.1136886706291556,zeroflowfirst
8172400,0.008602150537634409,-0.040925601855311335,zeroflowfirst
8178700,-0.20677361853832443,-0.12355491757566231,zeroflowfirst
8185000,0.004267425320056899,-0.10176853194594991,zeroflowfirst
8189500,-0.28888888888888886,-0.17427010102838542,zeroflowfirst
8190500,-0.2427536231884058,-0.18214928073188225,zeroflowfirst
8193000,-0.13368983957219252,-0.1489876577746851,zeroflowfirst
8194000,0.018487394957983194,-0.1264538937374957,zeroflowfirst
8194500,-0.08172043010752689,-0.1210166061611224,zeroflowfirst
8197500,-0.06685633001422475,-0.11837768399306797,zeroflowfirst
8202700,0.02418207681365576,-0.10518954695819206,zeroflowfirst
8205500,-0.427536231884058,-0.20418138887897114,zeroflowfirst
8206600,-0.26877470355731226,-0.18336278915856413,zeroflowfirst
8208000,-0.22727272727272727,-0.15083774575780398,zeroflowfirst
8249000,-0.021052631578947368,-0.07192489673596443,zeroflowfirst
8317950,-0.44096728307254623,-0.20495022797050158,zeroflowfirst
8329000,-0.35833333333333334,-0.22069393679413568,zeroflowfirst
8332010,-0.24444444444444444,-0.1722672776696856,zeroflowfirst
8334000,-0.33428165007112376,-0.2048282786276781,zeroflowfirst
8353000,0.028528528528528527,-0.0829922385844106,zeroflowfirst
8382500,-0.08669354838709678,-0.10667663215276883,zeroflowfirst
8386000,0.03296703296703297,-0.03643319094308433,zeroflowfirst
8387600,-0.24210526315789474,-0.17537455128066404,zeroflowfirst
8390500,-0.14082503556187767,-0.13211825751200665,zeroflowfirst
8390800,-0.14366998577524892,-0.13302216895660685,zeroflowfirst
8400000,0.004267425320056899,-0.07596967909538944,zeroflowfirst
8401200,0,-0.06311859095440833,zeroflowfirst
8401900,0,-0.0844490153705277,zeroflowfirst
8408500,-0.22666666666666666,-0.1611690745792234,zeroflowfirst
9166950,-0.1553030303030303,-0.10058366371368319,zeroflowfirst
9291000,0.037037037037037035,-0.03125468942127354,zeroflowfirst
9333500,-0.014705882352941176,-0.08946112155065114,zeroflowfirst
9371000,0.10144927536231885,-0.07968034978988063,zeroflowfirst
9378630,-0.10668563300142248,-0.1207015898444938,zeroflowfirst
9379200,-0.24751066856330015,-0.15405256972836553,zeroflowfirst
9386900,-0.5010752688172043,-0.28291266933415055,zeroflowfirst
9386950,-0.6714082503556188,-0.32009834333227966,zeroflowfirst
9394500,-0.18181818181818182,-0.17387268563146782,zeroflowfirst
9423350,-0.09672830725462304,-0.14138666157021948,zeroflowfirst
9426620,-0.4444444444444444,-0.21007407769913128,zeroflowfirst
9430600,-0.16989247311827957,-0.1783924720518629,zeroflowfirst
9466500,0.2087912087912088,-0.023825542069246454,zeroflowfirst
9468500,0.005847953216374269,-0.08558848895825645,zeroflowfirst
9480000,0.02766798418972332,-0.10338537001023715,zeroflowfirst
9485000,-0.26021505376344084,-0.1915656632472569,zeroflowfirst
9498503,-0.23655913978494625,-0.1511009835439054,zeroflowfirst
9505350,-0.31152204836415365,-0.18454244967991,zeroflowfirst
9508300,-0.3963963963963964,-0.19387238980614704,zeroflowfirst
9510200,-0.3084677419354839,-0.23498836165104056,zeroflowfirst
9512800,0.3464052287581699,-0.010890681404042792,zeroflowfirst
9513780,-0.20625889046941678,-0.19691792264496544,zeroflowfirst
9513860,0,-0.1513858225569065,zeroflowfirst
9517490,-0.2192513368983957,-0.1905712670335762,zeroflowfirst
9535100,0,-0.1295180868930298,zeroflowfirst
9537200,-0.35177865612648224,-0.19516924299554114,zeroflowfirst
10256500,-0.047619047619047616,-0.10138622658783333,zeroflowfirst
10257550,0.03439153439153439,-0.05741778313590187,zeroflowfirst
10257600,-0.013333333333333334,-0.10455478043397798,zeroflowfirst
10257720,-0.3103448275862069,-0.14337260563459733,zeroflowfirst
10258500,-0.1873015873015873,-0.16948836876080275,zeroflowfirst
10259200,-0.24242424242424243,-0.16776327743472463,zeroflowfirst
10260950,-0.12944523470839261,-0.08654140731758495,zeroflowfirst
10287770,-0.15698924731182795,-0.05283559374131479,zeroflowfirst
10311300,-0.18840579710144928,-0.11551335520745605,zeroflowfirst
10324500,-0.2943722943722944,-0.13059601552022007,zeroflowfirst
10336676,-0.030303030303030304,-0.06403145109499621,zeroflowfirst
10349300,-0.22058823529411764,-0.0878362741273982,zeroflowfirst
11014000,-0.21739130434782608,-0.16582628483304315,zeroflowfirst
11015000,-0.14482758620689656,-0.09892261177572698,zeroflowfirst
11028500,-0.33712660028449504,-0.19315861188198236,zeroflowfirst
11042000,-0.5714285714285714,-0.23564283501498473,zeroflowfirst
11042631,-0.16344086021505377,-0.1492794157632567,zeroflowfirst
11042800,-0.17634408602150536,-0.17297229917832313,zeroflowfirst
11042900,-0.3053763440860215,-0.1672171020626966,zeroflowfirst
11043000,-0.13666666666666666,-0.15710637368725888,zeroflowfirst
11046000,0.03694581280788178,-0.10857839093419154,zeroflowfirst
11046530,-0.23544973544973544,-0.14748601327802804,zeroflowfirst
11051500,0.12121212121212122,0.001936776735731761,zeroflowfirst
11055500,0.2789473684210526,-0.013583816775062225,zeroflowfirst
11057500,0.26153846153846155,-0.04062204674897382,zeroflowfirst
11059300,0.30526315789473685,0.03694752566873611,zeroflowfirst
11062000,0.023809523809523808,-0.01758275942447414,zeroflowfirst
11063680,0.24285714285714285,0.008996439392857816,zeroflowfirst
11065000,-0.1349206349206349,-0.06924494857701892,zeroflowfirst
11075720,-0.1891891891891892,-0.1658980674693643,zeroflowfirst
11075800,0.0075075075075075074,-0.10149014610878815,zeroflowfirst
11077500,-0.08534850640113797,-0.1313796912608932,zeroflowfirst
11078000,-0.21052631578947367,-0.12660202754906724,zeroflowfirst
11085000,-0.1678520625889047,-0.09578088312327838,zeroflowfirst
11087020,-0.15384615384615385,-0.11145815241533205,zeroflowfirst
11097000,-0.2019914651493599,-0.13188147758275828,zeroflowfirst
11102300,-0.39408866995073893,-0.18836589306060994,zeroflowfirst
11118500,0.04285714285714286,-0.07734804989539795,zeroflowfirst
11119500,-0.19519519519519518,-0.12998351172520495,zeroflowfirst
11119750,-0.19914651493598862,-0.115185992331118,zeroflowfirst
11120500,-0.12807881773399016,-0.09893433472963586,zeroflowfirst
11123000,-0.028528528528528527,-0.09001523029345523,zeroflowfirst
11124500,-0.14623655913978495,-0.12213540605337192,zeroflowfirst
11128250,-0.20652173913043478,-0.15131265964616641,zeroflowfirst
11133000,-0.17989417989417988,-0.1168456930961042,zeroflowfirst
11136800,-0.17724867724867724,-0.12599479609968497,zeroflowfirst
11140000,-0.08858858858858859,-0.1071731166803151,zeroflowfirst
11141050,0.3230769230769231,-0.004371538329676213,zeroflowfirst
11143250,-0.004301075268817204,-0.06119850843596954,zeroflowfirst
11147500,0.04267425320056899,-0.05367375526387451,zeroflowfirst
11148900,-0.13174603174603175,-0.11620539684978401,zeroflowfirst
11151300,-0.5380116959064327,-0.2196360769355649,zeroflowfirst
11151700,0.04093567251461988,-0.060123666221675386,zeroflowfirst
11152000,-0.31666666666666665,-0.14196574243098153,zeroflowfirst
11152300,0.18095238095238095,-0.04214985565743691,zeroflowfirst
11158600,-0.19047619047619047,-0.14845271615000036,zeroflowfirst
11162570,0.13636363636363635,-0.0015414114198210693,zeroflowfirst
11162630,0.175,0.029678068327500015,zeroflowfirst
11164500,0.05,-0.037835276538733226,zeroflowfirst
11176400,-0.13109243697478992,-0.12252547772756382,zeroflowfirst
11180500,-0.2034139402560455,-0.0794382920243236,zeroflowfirst
11180700,0.3188405797101449,0.011524277895089655,zeroflowfirst
11182500,0.11083743842364532,-0.04274804470842291,zeroflowfirst
11200800,-0.29473684210526313,-0.14496746189152016,zeroflowfirst
11246500,0.2948717948717949,0.03476372984772344,zeroflowfirst
11253310,-0.17777777777777778,-0.1905910296035742,zeroflowfirst
11269700,-0.11363636363636363,-0.04589286841361029,zeroflowfirst
11274500,-0.1379800853485064,-0.12021502490420827,zeroflowfirst
11274630,-0.08571428571428572,-0.12680790770046166,zeroflowfirst
11284400,-0.021021021021021023,-0.07605548834253756,zeroflowfirst
11379500,-0.37777777777777777,-0.17629922137115653,zeroflowfirst
11403800,-0.02857142857142857,-0.0419727147821279,zeroflowfirst
11451100,-0.2692307692307692,-0.15770456416941614,zeroflowfirst
11452500,-0.1422924901185771,-0.10790008621823721,zeroflowfirst
11456000,-0.49264705882352944,-0.20626911495020145,zeroflowfirst
11459500,-0.003076923076923077,-0.036845365058760675,zeroflowfirst
11480390,-0.21746880570409982,-0.09676108997561104,zeroflowfirst
12115700,-0.1471861471861472,-0.042266135197696314,zeroflowfirst
13055340,-0.15263157894736842,-0.07905650594933271,zeroflowfirst
13058000,-0.04734848484848485,-0.042175262118965585,zeroflowfirst
13112000,-0.19073083778966132,-0.08164109481424606,zeroflowfirst
13132500,-0.11375661375661375,-0.10070960132953302,zeroflowfirst
13132520,-0.07142857142857142,-0.10112440594373816,zeroflowfirst
13132535,-0.2103386809269162,-0.11713686063897549,zeroflowfirst
13152500,-0.26143790849673204,-0.1145663435782628,zeroflowfirst
13215000,-0.2518939393939394,-0.10902771744762181,zeroflowfirst
13217500,0.3195402298850575,0.0148084595034256,zeroflowfirst
14015000,-0.10869565217391304,-0.06495177749691519,zeroflowfirst
14362250,0.12631578947368421,-0.03878493764763589,zeroflowfirst
208111310,-0.17753623188405798,-0.06907373963546025,zeroflowfirst
5588000,0.12280701754385964,0.06681047813545686,zeroflowfirst
2306500,0.23157894736842105,-0.03186274223535418,zeroflowfirst
1109070,-0.025974025974025976,0.018487512890000595,zeroflowfirst
2303350,-0.10510510510510511,-0.09018967492631841,zeroflowfirst
2311500,-0.16666666666666666,-0.1614243901398529,zeroflowfirst
8065800,0.09333333333333334,-0.049420352145127855,zeroflowfirst
3380500,0.007352941176470588,0.10026925251006832,zeroflowfirst
2462500,-0.27666666666666667,-0.12073698051564924,zeroflowfirst
2263869,-0.17983193277310924,-0.14412942020606914,zeroflowfirst
3303300,0.06842105263157895,0.04093381512144404,zeroflowfirst
7247500,0.032679738562091505,-0.09964197856455803,zeroflowfirst
1401650,0.3076923076923077,0.02998355807718191,zeroflowfirst
7077380,-0.2987012987012987,0.004024535176064817,zeroflowfirst
2303800,-0.1532976827094474,-0.09650801538469607,zeroflowfirst
7261500,-0.2948717948717949,-0.0858799371374363,zeroflowfirst
8110430,-0.16507936507936508,-0.05133105964559282,zeroflowfirst
2310947,-0.22413793103448276,-0.1648463502603504,zeroflowfirst
7075300,0.25,-0.01280298931796143,zeroflowfirst
3291780,-0.023809523809523808,-0.003415513736399472,zeroflowfirst
7261000,-0.025974025974025976,-0.05754839940577768,zeroflowfirst
2125000,0.009523809523809525,-0.09589198300455556,zeroflowfirst
2228500,-0.20952380952380953,-0.13317844383050031,zeroflowfirst
7351500,-0.08412698412698413,-0.07504770305701634,zeroflowfirst
8176900,-0.4083333333333333,-0.13372549477384532,zeroflowfirst
5592575,0.12535612535612536,0.053898535937060205,zeroflowfirst
11060400,-0.5333333333333333,-0.13405242145150048,zeroflowfirst
11128500,-0.06837606837606838,-0.09664467407307736,zeroflowfirst
11120000,0.17117117117117117,-0.0680865925237207,zeroflowfirst
11458000,-0.3508771929824561,-0.1323580736209308,zeroflowfirst
11070500,-0.2086021505376344,-0.1273866328123556,zeroflowfirst
11152500,0.11822660098522167,-0.07856129374959972,zeroflowfirst
11152600,0.056818181818181816,-0.06966673367345906,zeroflowfirst
11025500,-0.4413793103448276,-0.13868623425870405,zeroflowfirst
11159200,0.10804597701149425,-0.09923654427322876,zeroflowfirst
11119940,-0.26884779516358465,-0.08920628424285564,zeroflowfirst
11149900,0.01951951951951952,-0.11584406168845078,zeroflowfirst
11123500,-0.16856060606060605,-0.10763325780440074,zeroflowfirst
11166000,-0.18095238095238095,-0.07867803430156489,zeroflowfirst
11069500,0.009852216748768473,-0.08871173992451778,zeroflowfirst
11224500,-0.19047619047619047,-0.15208317426141615,zeroflowfirst
10258000,-0.18666666666666668,-0.04900105186736505,zeroflowfirst
11180960,-0.01422475106685633,-0.051627644005286334,zeroflowfirst
11299600,-0.146218487394958,-0.10635476487416201,zeroflowfirst
6395000,0.022222222222222223,-0.04727753141017009,zeroflowfirst
6177500,0.1908831908831909,-0.0065198871344365325,zeroflowfirst
5050000,0.13333333333333333,0.149581762949824,zeroflowfirst
6400000,0.21935483870967742,-0.07180219721623829,zeroflowfirst
5076000,0.18681318681318682,0.14171510086344793,zeroflowfirst
6447000,-0.2833333333333333,-0.04411332788148677,zeroflowfirst
6477500,0.16,0.06320587591232003,zeroflowfirst
6332515,-0.12681159420289856,0.009266069735793225,zeroflowfirst
6468170,0.24675324675324675,0.14484495112864262,zeroflowfirst
7227100,-0.19964349376114082,-0.06478107908836167,zeroflowfirst
8143600,-0.28205128205128205,-0.1258852119555481,zeroflowfirst
7303000,0.07635467980295567,-0.12459303326243261,zeroflowfirst
8382830,-0.26916221033868093,-0.14026995493287914,zeroflowfirst
7140850,-0.08412698412698413,-0.08595829620927635,zeroflowfirst
8124000,-0.1368421052631579,-0.17636610193400876,zeroflowfirst
8189200,0.00995732574679943,-0.1452878850249286,zeroflowfirst
7155590,-0.0766488413547237,-0.07166178232101539,zeroflowfirst
6862700,-0.3333333333333333,-0.05541318083538832,zeroflowfirst
7116500,0.1935483870967742,-0.10213437662360507,zeroflowfirst
8155300,0.08534850640113797,-0.1000153606545074,zeroflowfirst
7154500,-0.31746031746031744,-0.07984086995016348,zeroflowfirst
8382600,-0.08923076923076922,-0.14488461359309138,zeroflowfirst
7165562,0.16137566137566137,-0.039803637934707335,zeroflowfirst
6893080,-0.0392156862745098,0.037194568649658456,zeroflowfirst
7157950,-0.15789473684210525,-0.09492990286067546,zeroflowfirst
6871000,-0.06,-0.022872418119838228,zeroflowfirst
8082000,-0.052307692307692305,-0.11838107367569656,zeroflowfirst
8134000,-0.37936507936507935,-0.19836222924853217,zeroflowfirst
8123850,-0.1452991452991453,-0.1912430337571968,zeroflowfirst
8152000,-0.15384615384615385,-0.12012727358092805,zeroflowfirst
8181400,0.04551920341394026,-0.1277752553366362,zeroflowfirst
8201500,-0.5151515151515151,-0.13387209975308553,zeroflowfirst
8200000,-0.1111111111111111,-0.13144937609661297,zeroflowfirst
8158700,-0.07575757575757576,-0.11505769192780774,zeroflowfirst
8194200,0.05689900426742532,-0.12276780326822859,zeroflowfirst
8150800,0.09782608695652174,-0.13663056399303608,zeroflowfirst
8164300,-0.4696969696969697,-0.06163389867464563,zeroflowfirst
6917000,-0.07692307692307693,0.045199011193739466,zeroflowfirst
5503800,0.2535612535612536,0.04958416253623183,zeroflowfirst
9401260,-0.13513513513513514,-0.11191852925345097,zeroflowfirst
13174500,0.1,-0.04937703427308198,zeroflowfirst
12513000,0.3546218487394958,-0.035529816658800464,zeroflowfirst
10312000,0.3516483516483517,-0.09470081010370059,zeroflowfirst
9367500,-0.2894736842105263,-0.11951801147041283,zeroflowfirst
9424900,-0.47619047619047616,-0.16061893418619097,zeroflowfirst
9484000,-0.24946236559139784,-0.20518470035312367,zeroflowfirst
8247500,-0.17647058823529413,-0.09098997445151322,zeroflowfirst
11461000,-0.019762845849802372,-0.14740524825631868,zeroflowfirst
9499000,-0.05138339920948617,-0.12278211981285303,zeroflowfirst
9386030,-0.5904761904761905,-0.19467062842837124,zeroflowfirst
11493500,-0.1396011396011396,-0.022360923691710985,zeroflowfirst
11216400,0.4066666666666667,-0.05362041199729879,zeroflowfirst
8398500,0.004267425320056899,-0.1408947810598908,zeroflowfirst
9378170,-0.36,-0.1165191048640696,zeroflowfirst
9512280,-0.4523809523809524,-0.2239618643767235,zeroflowfirst
6404000,-0.19607843137254902,-0.00726520226353008,zeroflowfirst
1311500,0.296551724137931,0.13190807502004906,peak2z_length
1379530,-0.05714285714285714,0.018691170071055408,peak2z_length
1407500,0.043478260869565216,0.02220622307823006,peak2z_length
1653600,0.12923076923076923,0.031741193020162914,peak2z_length
1660920,-0.02766798418972332,-0.029707235049184287,peak2z_length
1661050,0,-0.04174437075345657,peak2z_length
2047500,0.2826086956521739,0.034438741261182924,peak2z_length
2077200,-0.2727272727272727,-0.09807043613008934,peak2z_length
2084160,-0.25263157894736843,-0.07707575307410666,peak2z_length
2096846,0.08695652173913043,-0.02830535578284444,peak2z_length
2097464,-0.23333333333333334,-0.09497437073905285,peak2z_length
2176500,-0.4633333333333333,-0.15464310837551098,peak2z_length
2212600,-0.24444444444444444,-0.08978111168990524,peak2z_length
2216180,-0.08021390374331551,-0.05207954616924013,peak2z_length
2231342,-0.10160427807486631,0.04127129771554081,peak2z_length
2231600,0.09057971014492754,0.07390080942443321,peak2z_length
2232200,0.22486772486772486,0.08219680914035835,peak2z_length
2236500,0.09486166007905138,0.07037429938701144,peak2z_length
2236900,0.24242424242424243,0.1157100225921282,peak2z_length
2237293,0.015810276679841896,0.07187920620291494,peak2z_length
2256500,0.11428571428571428,0.10902174952997899,peak2z_length
2264000,0.2898550724637681,0.13530666875182162,peak2z_length
2266200,0.24242424242424243,0.02951996914751316,peak2z_length
2266205,-0.5321637426900585,-0.03771233942191469,peak2z_length
2266500,0.4222222222222222,0.1512187569511435,peak2z_length
2291580,0.32,0.1444529296582109,peak2z_length
2292900,0.3433333333333333,0.13019262963636352,peak2z_length
2294491,0.05057471264367816,0.09755881896670539,peak2z_length
2297155,0.12380952380952381,0.10138219567116152,peak2z_length
2298202,0.3076923076923077,0.13054246165665728,peak2z_length
2298760,-0.02631578947368421,0.07192520074172604,peak2z_length
2300100,0.20512820512820512,0.117944852049312,peak2z_length
2301750,0.10276679841897234,0.13179185039384622,peak2z_length
2302500,-0.015151515151515152,0.07615279991523313,peak2z_length
2303400,-0.0033333333333333335,0.06194160077785525,peak2z_length
2303420,0.0989247311827957,0.09011120885437547,peak2z_length
2304500,0.11255411255411256,0.10661301458718488,peak2z_length
2307359,0.13213213213213212,0.12501788785264287,peak2z_length
2309848,0.10668563300142248,0.12380093167409979,peak2z_length
2312200,-0.21904761904761905,8.112038144989716e-5,peak2z_length
2318700,0.09090909090909091,-0.018014979564022756,peak2z_length
2321500,0.022222222222222223,0.004344529042740656,peak2z_length
2423130,-0.3047619047619048,-0.09843622053602168,peak2z_length
2462951,-0.19458128078817735,-0.05942641460808263,peak2z_length
3228300,-0.1523809523809524,-0.0648949101521998,peak2z_length
3237280,-0.017241379310344827,0.005185692507867921,peak2z_length
3238500,-0.0915032679738562,-0.02888711345811129,peak2z_length
3320500,0.0989010989010989,-0.01614040883697202,peak2z_length
3357350,0.25591397849462366,0.02660360412710249,peak2z_length
3364500,-0.02857142857142857,-0.04153648015552072,peak2z_length
3368000,-0.12903225806451613,-0.06021295495576683,peak2z_length
3378000,-0.07692307692307693,-0.019763285889106603,peak2z_length
3378550,-0.11029411764705882,-0.04917094044376342,peak2z_length
3378635,0.13666666666666666,0.03455553326480709,peak2z_length
3384450,0.0036231884057971015,-0.01625764507521981,peak2z_length
4072150,0.047619047619047616,-0.006975332364095734,peak2z_length
4185440,-0.05627705627705628,-0.02849371460415272,peak2z_length
4199155,-0.42857142857142855,-0.1019536279713273,peak2z_length
5053000,-0.13186813186813187,-0.0879692132028395,peak2z_length
5054500,-0.14285714285714285,-0.08048977766495086,peak2z_length
5060500,-0.15669515669515668,-0.08186248688479128,peak2z_length
5090000,0.016666666666666666,-0.05945978085295719,peak2z_length
5116500,-0.38461538461538464,-0.14894136440943548,peak2z_length
5120500,0.02857142857142857,-0.07200835357134959,peak2z_length
5123400,-0.16287878787878787,-0.09740769671017947,peak2z_length
5454000,-0.2727272727272727,-0.08777025558715908,peak2z_length
5502000,0.1111111111111111,0.004608515277190536,peak2z_length
5507600,0.1623931623931624,0.012763405850472156,peak2z_length
5533400,0.0392156862745098,0.03765428291721822,peak2z_length
5536255,0.21323529411764705,0.06730104964105281,peak2z_length
5540195,-0.19076923076923077,0.019742924561982483,peak2z_length
5573540,0.5777777777777777,0.10068789006903607,peak2z_length
5577500,0.045584045584045586,0.012247203747368571,peak2z_length
5590800,0.275,0.05200892041334525,peak2z_length
5591550,0.08923076923076922,0.016939393183474902,peak2z_length
5591700,-0.2463768115942029,-0.0021815877013604355,peak2z_length
5592900,-0.08333333333333333,-0.0073714827584390975,peak2z_length
5593575,0.08095238095238096,0.035038181963781376,peak2z_length
5593900,-0.16842105263157894,-0.014958067232785574,peak2z_length
5595730,0.2537634408602151,0.03151561719213205,peak2z_length
5597500,0.21370967741935484,0.03798081737945443,peak2z_length
6130500,-0.4090909090909091,-0.17876508830636895,peak2z_length
6154400,0.08870967741935484,-0.05478997702230836,peak2z_length
6317000,-0.4888888888888889,-0.1921988477039217,peak2z_length
6324970,-0.04678362573099415,-0.09549320799240699,peak2z_length
6335500,-0.28888888888888886,-0.15573797465399344,peak2z_length
6337000,-0.16363636363636364,-0.11825616123669566,peak2z_length
6339100,0.13725490196078433,0.03185441266153385,peak2z_length
6344600,0.014285714285714285,-0.012561872817461125,peak2z_length
6353000,0.325,0.05457294817734748,peak2z_length
6354882,0.08,0.0178153902363694,peak2z_length
6355500,0.11904761904761904,0.00932840837974468,peak2z_length
6359500,-0.38095238095238093,-0.14767361612420463,peak2z_length
6360500,0.1761904761904762,-0.01423267502760534,peak2z_length
6400875,0.08172043010752689,-0.026296280458923137,peak2z_length
6423010,-0.21212121212121213,-0.08118593969264302,peak2z_length
6425100,-0.10457516339869281,-0.049421285167914275,peak2z_length
6425500,-0.07122507122507123,-0.05562902232477494,peak2z_length
6426500,-0.01282051282051282,-0.08621485074173033,peak2z_length
6430800,0.2,0.03534111327731055,peak2z_length
6440200,-0.2536945812807882,-0.12281853989784154,peak2z_length
6441500,0.06878306878306878,0.008088146751662854,peak2z_length
6446000,0.1282051282051282,-0.02423105124351028,peak2z_length
6449000,-0.21978021978021978,-0.0815622548748232,peak2z_length
6468250,0.17582417582417584,-0.036843100481001624,peak2z_length
6469400,-0.11052631578947368,-0.13637388550043994,peak2z_length
6470800,0.18840579710144928,-0.03261687665644653,peak2z_length
6470878,-0.2,-0.18574667466040062,peak2z_length
6471000,-0.44761904761904764,-0.19174248420147225,peak2z_length
6471200,-0.43,-0.12859744321577354,peak2z_length
6478690,0.15555555555555556,-0.01312721518463718,peak2z_length
6479438,0.12121212121212122,-0.0046114335593230894,peak2z_length
6709530,0.49523809523809526,0.1111413707132532,peak2z_length
6821500,0.09,0.03006473548711083,peak2z_length
6823500,-0.0907563025210084,-0.004055022087943279,peak2z_length
6827500,0.1693121693121693,0.04695022306842549,peak2z_length
6828500,0.05443548387096774,0.029782074319268537,peak2z_length
6844500,0.2,0.05132800804364587,peak2z_length
6844900,0.27076923076923076,0.015066288164644946,peak2z_length
6846500,-0.36553030303030304,-0.09982205391621778,peak2z_length
6847500,0.09401709401709402,0.006616480552417757,peak2z_length
6847900,-0.10461538461538461,-0.09316296596871519,peak2z_length
6848500,-0.12183908045977011,-0.07834867228747175,peak2z_length
6853800,0.24444444444444444,0.015794839944639337,peak2z_length
6860000,-0.03024193548387097,0.025033308787831863,peak2z_length
6861000,0.14153846153846153,0.047571478635121706,peak2z_length
6862850,0.16137566137566137,0.054995955604535386,peak2z_length
6863500,0.15555555555555556,-0.007013473002510624,peak2z_length
6866900,-0.29004329004329005,-0.16713737933307318,peak2z_length
6871500,-0.32727272727272727,-0.13407762825175254,peak2z_length
6873000,-0.4492753623188406,-0.1590515513411198,peak2z_length
6879650,-0.24774774774774774,-0.06313735418969275,peak2z_length
6903400,0.21794871794871795,0.012977052343972326,peak2z_length
6910800,-0.09523809523809523,-0.03898167204914001,peak2z_length
6911900,0.036231884057971016,0.0028954584582631115,peak2z_length
6921200,0.10294117647058823,0.007955834458551579,peak2z_length
7105945,0.5384615384615384,0.12661422734955005,peak2z_length
7124410,-0.23790322580645162,-0.0777483344145016,peak2z_length
7141200,-0.3025210084033613,-0.07081969857406928,peak2z_length
7141780,0.1857707509881423,0.018886544585197368,peak2z_length
7141900,0.09686609686609686,0.00620691158187713,peak2z_length
7142300,0.21323529411764705,0.05130479995532183,peak2z_length
7144795,0.06666666666666667,-0.022766123437957107,peak2z_length
7158000,0.1753846153846154,0.06424300213956832,peak2z_length
7165565,0.35507246376811596,0.07618854320576396,peak2z_length
7169800,0.17777777777777778,-0.01247205074810296,peak2z_length
7170700,0.017204301075268817,-0.027322407429400408,peak2z_length
7172000,-0.425,-0.13288649817352946,peak2z_length
7177650,0.025806451612903226,0.007793400503672849,peak2z_length
7184000,-0.27666666666666667,-0.08790459454425915,peak2z_length
7206000,-0.054945054945054944,-0.0575171896192854,peak2z_length
7207500,-0.030303030303030304,-0.04836970395051053,peak2z_length
7211500,-0.12087912087912088,-0.045770512627227485,peak2z_length
7221500,0.06666666666666667,-0.02364798203138418,peak2z_length
7226500,0.15465465465465467,0.01736214954196969,peak2z_length
7227500,0.0661764705882353,0.005333502958572694,peak2z_length
7234000,0.1349206349206349,0.0531988128195444,peak2z_length
7249985,0.12727272727272726,-0.014171234003900949,peak2z_length
7264000,-0.2904761904761905,-0.07404167592669131,peak2z_length
7297910,-0.22924901185770752,-0.02810667860291261,peak2z_length
7300500,-0.1753846153846154,-0.06603652695084077,peak2z_length
7301500,-0.16883116883116883,-0.052630599207083094,peak2z_length
7311500,-0.1,-0.06970539361278541,peak2z_length
7311800,-0.25,-0.09658977661688063,peak2z_length
7314500,-0.06906906906906907,-0.06607491850229243,peak2z_length
7314900,-0.04054054054054054,-0.062451094341350696,peak2z_length
7315200,-0.19203413940256045,-0.13745222531162346,peak2z_length
7315700,-0.41106719367588934,-0.16390724946748927,peak2z_length
7316500,0.03985507246376811,-0.007248783745310195,peak2z_length
7335700,0.25057471264367814,0.03549787642530264,peak2z_length
7342500,-0.15555555555555556,-0.010481500245194982,peak2z_length
7343000,0.22167487684729065,0.06177843428281506,peak2z_length
7346045,-0.03985507246376811,-0.052737453634322445,peak2z_length
7346070,-0.3333333333333333,-0.09427149534414866,peak2z_length
7361500,-0.19607843137254902,-0.08911135660169552,peak2z_length
7366200,-0.3181818181818182,-0.09244699159752678,peak2z_length
8017200,0.03003003003003003,0.028635278212793647,peak2z_length
8017300,0.22153846153846155,0.06691340271796156,peak2z_length
8023080,0.1126984126984127,0.001092778943792593,peak2z_length
8023400,-0.245014245014245,-0.06415923297761168,peak2z_length
8042800,-0.19203413940256045,-0.10825154504185937,peak2z_length
8044000,-0.36666666666666664,-0.14748761455131904,peak2z_length
8049700,-0.1571969696969697,-0.04461023640727352,peak2z_length
8050400,0.02564102564102564,-0.06050025360670918,peak2z_length
8050800,-0.3004032258064516,-0.10762429812400422,peak2z_length
8051500,-0.08571428571428572,-0.10045641527819697,peak2z_length
8052700,-0.0928030303030303,-0.04188579518228673,peak2z_length
8053500,-0.08615384615384615,-0.10931267875875807,peak2z_length
8058900,0.1746031746031746,0.03247837373407321,peak2z_length
8063100,0.19047619047619047,0.049671148468801704,peak2z_length
8063800,0.1268939393939394,0.04379197129342753,peak2z_length
8064100,0.21578947368421053,0.034320379108614234,peak2z_length
8064700,0.12878787878787878,0.013776746360749907,peak2z_length
8068720,0.33428165007112376,0.05280393075238764,peak2z_length
8068780,-0.1422924901185771,-0.011145307851907673,peak2z_length
8071280,-0.04710144927536232,-0.04646146352637088,peak2z_length
8079600,-0.23897581792318634,-0.08823381531171638,peak2z_length
8080500,0.25296442687747034,0.06603629170399342,peak2z_length
8082500,0.1286549707602339,0.025631614019488644,peak2z_length
8082700,-0.0953058321479374,-0.03196219013219816,peak2z_length
8083100,-0.08571428571428572,-0.05477609756772834,peak2z_length
8084000,0.09166666666666666,-0.03065699227834483,peak2z_length
8084800,-0.0761904761904762,-0.05573210561716091,peak2z_length
8085500,-0.12380952380952381,-0.0849541754385179,peak2z_length
8086212,0.25882352941176473,0.023868900346615127,peak2z_length
8086290,-0.0990990990990991,-0.08271388475643462,peak2z_length
8091500,-0.013071895424836602,-0.0672237491759185,peak2z_length
8101000,0.17543859649122806,-0.002186970235707891,peak2z_length
8103900,0.04504504504504504,-0.013347668782660721,peak2z_length
8109700,0.14130434782608695,-0.019704242280685503,peak2z_length
8109800,-0.0761904761904762,-0.049381445926860806,peak2z_length
8110100,-0.21774193548387097,-0.07062627108882438,peak2z_length
8110325,-0.2134453781512605,-0.07741076119752804,peak2z_length
8121000,-0.06854838709677419,-0.02971617366444983,peak2z_length
8123800,-0.22988505747126436,-0.042467306600953235,peak2z_length
8126380,0.13636363636363635,0.016344347422178183,peak2z_length
8127000,-0.07096774193548387,-0.05819241847663332,peak2z_length
8128400,-0.31601731601731603,-0.13194037543634365,peak2z_length
8136500,-0.2924901185770751,-0.12925772214727113,peak2z_length
8154700,0.05714285714285714,0.024941911335393793,peak2z_length
8155200,-0.25,-0.101804231331126,peak2z_length
8156800,0.3523809523809524,0.12615701222988138,peak2z_length
8158600,0.1,0.05491195767508781,peak2z_length
8158810,-0.14623655913978495,-0.07612086228024442,peak2z_length
8159000,-0.05591397849462366,-0.041069613627979396,peak2z_length
8160800,-0.10526315789473684,-0.051211346388446634,peak2z_length
8164450,0.2537634408602151,0.03750337928239407,peak2z_length
8164600,-0.29523809523809524,-0.11653241520300701,peak2z_length
8164800,0.03260869565217391,-0.005047620658788595,peak2z_length
8171300,-0.02857142857142857,-0.046975016106271195,peak2z_length
8172400,-0.3118279569892473,-0.08886483575395596,peak2z_length
8178700,-0.1800356506238859,-0.021137551622489672,peak2z_length
8185000,0.0846774193548387,-0.03693512145858103,peak2z_length
8189500,-0.5111111111111111,-0.18455246541714312,peak2z_length
8190500,-0.043478260869565216,-0.055482513840672404,peak2z_length
8193000,0.17825311942959002,-0.0446473880868854,peak2z_length
8194000,-0.4015151515151515,-0.14112036358697533,peak2z_length
8194500,-0.08172043010752689,-0.10294974882028708,peak2z_length
8197500,-0.06157635467980296,-0.022341384901461033,peak2z_length
8202700,0.213768115942029,0.028320119259550382,peak2z_length
8205500,-0.09486166007905138,-0.06725233598887216,peak2z_length
8206600,-0.15019762845849802,-0.0905748477265314,peak2z_length
8208000,0.2727272727272727,0.006213033443215688,peak2z_length
8249000,-0.3684210526315789,-0.1102293257913005,peak2z_length
8317950,-0.352773826458037,-0.09433357938397342,peak2z_length
8329000,-0.575,-0.14744066525700056,peak2z_length
8332010,0.28888888888888886,0.04295201738354363,peak2z_length
8334000,0.06258890469416785,-0.050751746005535434,peak2z_length
8353000,-0.05555555555555555,-0.012482045057634096,peak2z_length
8382500,-0.07862903225806452,-0.06729124124881068,peak2z_length
8386000,0.12087912087912088,-0.009194714078631533,peak2z_length
8387600,-0.3263157894736842,-0.1109459821530848,peak2z_length
8390500,-0.18776671408250356,-0.11849586132239322,peak2z_length
8390800,-0.2887624466571835,-0.13977926438793817,peak2z_length
8400000,-0.49,-0.14359158779216855,peak2z_length
8401200,-0.13978494623655913,-0.07600529958634375,peak2z_length
8401900,-0.09852216748768473,-0.06091715488618389,peak2z_length
8408500,0.32,0.022414177645428125,peak2z_length
9166950,0.12878787878787878,-0.014130625950729645,peak2z_length
9291000,-0.12962962962962962,-0.07808874817946368,peak2z_length
9333500,0.18382352941176472,0.025185405964332948,peak2z_length
9371000,-0.11594202898550725,-0.035348252058910484,peak2z_length
9378630,0.14616755793226383,0.01598973063229325,peak2z_length
9379200,-0.07396870554765292,-0.02100437522367668,peak2z_length
9386900,-0.32688172043010755,-0.12121558425457826,peak2z_length
9386950,-0.1465149359886202,-0.10401758525165467,peak2z_length
9394500,0.2450592885375494,0.038791970016871846,peak2z_length
9423350,-0.1408199643493761,-0.03169427207783014,peak2z_length
9426620,0.3076923076923077,0.057648451571788155,peak2z_length
9430600,-0.24731182795698925,-0.10553014907831199,peak2z_length
9466500,0.14285714285714285,-0.02174502103246102,peak2z_length
9468500,0.0935672514619883,0.024340218920468042,peak2z_length
9480000,0.22529644268774704,0.021407263982024183,peak2z_length
9485000,0.029885057471264367,-0.004547004595784025,peak2z_length
9498503,0.009195402298850575,0.017226739720216783,peak2z_length
9505350,-0.2019914651493599,-0.0769983201031886,peak2z_length
9508300,0.33783783783783783,0.0951088121038522,peak2z_length
9510200,-0.14516129032258066,-0.0051440163475500065,peak2z_length
9512800,0.28104575163398693,0.06742977580317841,peak2z_length
9513780,0.11806543385490754,0.044895863868106754,peak2z_length
9513860,-0.10227272727272728,-0.02314519173624054,peak2z_length
9517490,-0.35268817204301073,-0.07738726229890568,peak2z_length
9535100,-0.09523809523809523,-0.04881232830298939,peak2z_length
9537200,-0.06315789473684211,-0.0462579177542773,peak2z_length
10256500,0.5333333333333333,0.15057692442248596,peak2z_length
10257550,-0.32275132275132273,-0.11831638973739352,peak2z_length
10257600,-0.010869565217391304,-0.009909531638074159,peak2z_length
10257720,0.18769230769230769,0.03205087445098055,peak2z_length
10258500,-0.13068181818181818,-0.051892006924075765,peak2z_length
10259200,0.09852216748768473,0.017152367979271582,peak2z_length
10260950,-0.11596638655462185,-4.958035210840168e-4,peak2z_length
10287770,-0.15632183908045977,-0.0394047107787859,peak2z_length
10311300,0.010869565217391304,0.003969084592985952,peak2z_length
10324500,-0.07792207792207792,-0.06145069341690888,peak2z_length
10336676,-0.18181818181818182,-0.019789207179965802,peak2z_length
10349300,-0.022058823529411766,-0.02144182090006282,peak2z_length
11014000,0.015810276679841896,-0.03160664715821229,peak2z_length
11015000,0.08275862068965517,-0.016591464146436103,peak2z_length
11028500,0.16216216216216217,-0.021474079079653943,peak2z_length
11042000,-0.4090909090909091,-0.10897781445332834,peak2z_length
11042631,-0.12315270935960591,-0.05445875865621662,peak2z_length
11042800,0.43655913978494626,0.16057152965924557,peak2z_length
11042900,0.08387096774193549,0.012128266597441827,peak2z_length
11043000,0.4420289855072464,0.14564540589131247,peak2z_length
11046000,-0.0960591133004926,-0.06501569203103505,peak2z_length
11046530,-0.21693121693121692,-0.06302392458178092,peak2z_length
11051500,-0.09090909090909091,-0.04198355858191366,peak2z_length
11055500,0.24210526315789474,0.07559140893068464,peak2z_length
11057500,-0.027692307692307693,-0.04428926795340173,peak2z_length
11059300,0.15263157894736842,0.007366589272601002,peak2z_length
11062000,0.09116809116809117,0.03132259533149172,peak2z_length
11063680,0.36666666666666664,0.09242298928649204,peak2z_length
11075720,-0.22190611664295876,-0.08473420370034533,peak2z_length
11075800,0.08408408408408409,-0.03780024058440004,peak2z_length
11077500,-0.04836415362731152,-0.05082471499824928,peak2z_length
11078000,-0.4566145092460882,-0.15959293777509187,peak2z_length
11085000,-0.023172905525846704,0.018234234449638943,peak2z_length
11087020,-0.01282051282051282,-0.027272278507332607,peak2z_length
11097000,-0.2930298719772404,-0.09226916685155385,peak2z_length
11102300,-0.19458128078817735,-0.03639243548829349,peak2z_length
11118500,0.15714285714285714,0.022808487191431862,peak2z_length
11119500,-0.25375375375375375,-0.05754394766216085,peak2z_length
11119750,-0.03453453453453453,0.025501329902032483,peak2z_length
11120500,0.2724867724867725,0.06473757469937128,peak2z_length
11123000,0.18719211822660098,0.03515640406651756,peak2z_length
11124500,-0.1978494623655914,-0.016859903274527382,peak2z_length
11128250,0.26143790849673204,0.055002115339549386,peak2z_length
11133000,-0.2678062678062678,-0.06123715066174619,peak2z_length
11136800,-0.17663817663817663,-0.06115868388823102,peak2z_length
11140000,-0.12688172043010754,-0.04060464681485205,peak2z_length
11141050,-0.023333333333333334,-0.01133953961356772,peak2z_length
11143250,0.18472906403940886,0.028001231704213425,peak2z_length
11147500,0.09246088193456614,-0.0017237285139312091,peak2z_length
11148900,0.346031746031746,0.026303959754328345,peak2z_length
11151300,-0.4502923976608187,-0.12578674779782684,peak2z_length
11151700,0.10294117647058823,-0.03209348801338216,peak2z_length
11152000,-0.2833333333333333,-0.06995493238822918,peak2z_length
11152300,0.012477718360071301,-0.028998131409134882,peak2z_length
11158600,-0.16755793226381463,-0.08330759620340686,peak2z_length
11162570,0.07575757575757576,-0.006213286941602267,peak2z_length
11162630,-0.175,-0.06030194899400507,peak2z_length
11164500,0.25,0.036440737065072434,peak2z_length
11176400,0.025210084033613446,-0.0030300845409859593,peak2z_length
11180500,-0.02702702702702703,-0.030939074311187333,peak2z_length
11180700,-0.11231884057971014,-0.04614557970369161,peak2z_length
11182500,0.14039408866995073,0.012657832102360631,peak2z_length
11200800,-0.1631578947368421,-0.04506171407215807,peak2z_length
11246500,-0.48717948717948717,-0.1361048886291107,peak2z_length
11253310,0.0570409982174688,-0.016912538392636525,peak2z_length
11269700,0.03598484848484849,-0.026839743160584465,peak2z_length
11274500,0.0035650623885918,-0.01583440706849543,peak2z_length
11274630,-0.015126050420168067,-0.02103443379101125,peak2z_length
11284400,0.012698412698412698,-0.021061337300255223,peak2z_length
11379500,-0.06666666666666667,-0.03850465987459218,peak2z_length
11451100,0.19230769230769232,0.024699370850003368,peak2z_length
11452500,-0.17786561264822134,-0.046592261390881205,peak2z_length
11456000,-0.6838235294117647,-0.1849241704302918,peak2z_length
11459500,0.05846153846153846,-0.02907444358056766,peak2z_length
11480390,-0.15151515151515152,-0.03799354954954343,peak2z_length
12115700,-0.06926406926406926,-0.004767131871167043,peak2z_length
13055340,0.015789473684210527,-0.0245901418815836,peak2z_length
13058000,-0.19507575757575757,-0.09072840477367859,peak2z_length
13112000,-0.08912655971479501,-0.07533492572814215,peak2z_length
13132500,-0.3076923076923077,-0.11177677319019462,peak2z_length
13132520,-0.11538461538461539,-0.10548648960425423,peak2z_length
13132535,-0.21052631578947367,-0.10842874366498294,peak2z_length
13152500,-0.0196078431372549,-0.037601362729657334,peak2z_length
13215000,0.01893939393939394,-0.028655769941035504,peak2z_length
13217500,0.3793103448275862,0.05210378092358134,peak2z_length
14015000,0.11594202898550725,-0.007268627242636434,peak2z_length
14362250,0.021052631578947368,-0.005185802084085819,peak2z_length
208111310,-0.2463768115942029,-0.08964920589338884,peak2z_length
5588000,0.17543859649122806,0.0282397833703794,peak2z_length
2306500,-0.1,0.14605834470140286,peak2z_length
1109070,-0.4155844155844156,-2.3497706309550918e-5,peak2z_length
2303350,-0.10317460317460317,0.09015796532992422,peak2z_length
2311500,0.36363636363636365,0.06509873246249921,peak2z_length
8065800,0.15666666666666668,-0.10743342338332626,peak2z_length
3380500,0.029411764705882353,-0.0010837201681778747,peak2z_length
2462500,-0.24,-0.058608333605763695,peak2z_length
2263869,-0.39869281045751637,0.13843004092039204,peak2z_length
3303300,0.005263157894736842,-0.03198403446245869,peak2z_length
7247500,-0.20915032679738563,-0.08731874658944154,peak2z_length
1401650,0.5494505494505495,-0.007605394009714565,peak2z_length
7077380,-0.18614718614718614,-0.028214190557568585,peak2z_length
2303800,-0.1913978494623656,0.10407924540013869,peak2z_length
7261500,-0.07692307692307693,-0.033904872278560594,peak2z_length
8110430,0.06984126984126984,0.01235955837765804,peak2z_length
2310947,0.25296442687747034,0.042895931425946186,peak2z_length
3291780,0.0582010582010582,-0.010611598402196906,peak2z_length
7261000,-0.13852813852813853,-0.04292435701484219,peak2z_length
2125000,-0.09047619047619047,-0.05674613899700627,peak2z_length
2228500,0.3523809523809524,-0.017127917313147854,peak2z_length
7351500,0.05714285714285714,-0.04193170293230244,peak2z_length
8176900,-0.47619047619047616,-0.10204230899376654,peak2z_length
5592575,0.039886039886039885,0.009250070608171094,peak2z_length
11060400,-0.23809523809523808,0.07370358412513174,peak2z_length
11128500,-0.358974358974359,-0.018384575886166248,peak2z_length
11120000,0.25225225225225223,0.021501580467754355,peak2z_length
11458000,-0.27485380116959063,-0.11081988956771001,peak2z_length
11070500,-0.12473118279569892,-0.0704159328937807,peak2z_length
11152500,-0.013333333333333334,-0.031316503166031046,peak2z_length
11152600,-0.004032258064516129,-0.01153254803895306,peak2z_length
11025500,-0.3563218390804598,-0.03154117826838974,peak2z_length
11159200,-0.06206896551724138,-0.02267724744180358,peak2z_length
11119940,-0.18349928876244664,0.01988602931231289,peak2z_length
11149900,0.2957957957957958,-0.043372948886327325,peak2z_length
11123500,-0.32688172043010755,0.0189584893536051,peak2z_length
11166000,-0.05714285714285714,0.011805672460461008,peak2z_length
11069500,-0.031746031746031744,-0.019516833983804553,peak2z_length
11224500,-0.14772727272727273,-0.02332604285559539,peak2z_length
10258000,-0.02666666666666667,0.05423406174630081,peak2z_length
11180960,0.02844950213371266,-0.016643684261204862,peak2z_length
11299600,-0.005042016806722689,-3.4944985684959843e-4,peak2z_length
6395000,0.26666666666666666,-0.1433179261888152,peak2z_length
6177500,0.3046153846153846,-0.04516132298207534,peak2z_length
5050000,0.13333333333333333,-0.05944557996693746,peak2z_length
6400000,-0.0064516129032258064,-0.09588884283674266,peak2z_length
5076000,0.4175824175824176,-0.08041442507490784,peak2z_length
6447000,-0.21666666666666667,-0.035869140603664786,peak2z_length
6477500,0.27076923076923076,-0.0518985175064033,peak2z_length
6332515,-0.12681159420289856,-0.035803758074839744,peak2z_length
6468170,0.354978354978355,-0.05926560010815238,peak2z_length
7227100,-0.03208556149732621,0.014441135592106576,peak2z_length
8143600,0.0641025641025641,-0.08856985030547375,peak2z_length
7303000,0.21957671957671956,-0.048414076621042086,peak2z_length
8382830,0.035650623885918005,-0.04644795157625124,peak2z_length
7140850,-0.2746212121212121,-0.020523922908178418,peak2z_length
8124000,-0.16842105263157894,-0.00829963475218467,peak2z_length
8189200,-0.2552552552552553,-0.09473599587470026,peak2z_length
7155590,-0.4,-0.0014874035255720006,peak2z_length
6862700,-0.22826086956521738,0.04916976246790275,peak2z_length
7116500,0.24193548387096775,-0.004439310747078448,peak2z_length
8155300,0.06258890469416785,-0.04266950018411784,peak2z_length
7154500,-0.16666666666666666,0.014307521410479153,peak2z_length
8382600,-0.22333333333333333,-0.0418888113253517,peak2z_length
7165562,0.42735042735042733,0.008301226615312195,peak2z_length
6893080,0.006535947712418301,-0.02886354670689048,peak2z_length
7157950,-0.14035087719298245,0.05242760478869791,peak2z_length
6871000,0.06521739130434782,-0.13845173484906964,peak2z_length
8082000,-0.05846153846153846,-0.03579379502155494,peak2z_length
8134000,-0.1092436974789916,-0.09951825015018023,peak2z_length
8123850,-0.011396011396011397,-0.011529613329170567,peak2z_length
8152000,-0.15692307692307692,-0.009658332367035382,peak2z_length
8181400,0.08392603129445235,-0.008716936820057376,peak2z_length
8201500,-0.5151515151515151,-0.010372478709119696,peak2z_length
8200000,-0.022222222222222223,-0.002278159245980351,peak2z_length
8194200,-0.01904761904761905,-0.07260535563663088,peak2z_length
8150800,0.06884057971014493,-0.033203878456760365,peak2z_length
8164300,-0.48484848484848486,-0.07919063619664156,peak2z_length
6917000,0.19696969696969696,-0.05772693111577857,peak2z_length
5503800,0.1168091168091168,-0.0014745839122919482,peak2z_length
9401260,-0.16642958748221906,-0.005170640177128702,peak2z_length
13174500,-0.7090909090909091,-0.08279819294747752,peak2z_length
12513000,-0.018487394957983194,0.0014421129908036448,peak2z_length
10312000,0.38461538461538464,0.00794286202205512,peak2z_length
9367500,-0.1871345029239766,-0.015311307340432661,peak2z_length
9424900,-0.14204545454545456,-2.901589071177842e-4,peak2z_length
9484000,0.35053763440860214,-0.012415927256567634,peak2z_length
8247500,-0.0035650623885918,-0.07584239527937117,peak2z_length
11461000,-0.16996047430830039,-0.03852717864236478,peak2z_length
9499000,0.12648221343873517,-0.0016938595324972276,peak2z_length
9386030,-0.4,-0.056485324947267976,peak2z_length
11493500,0,-0.019513266504768433,peak2z_length
11216400,0.15151515151515152,0.030146681621732327,peak2z_length
8398500,-0.12298387096774194,-0.02481615578535264,peak2z_length
9378170,-0.07692307692307693,0.008329020126742746,peak2z_length
9512280,-0.06050420168067227,0.03793942663466701,peak2z_length
6404000,0.11764705882352941,-0.015924553179055157,peak2z_length
